time,close
2022-10-02 21:00:00+00:00,0.97963
2022-10-02 22:00:00+00:00,0.9801
2022-10-02 23:00:00+00:00,0.97936
2022-10-03 00:00:00+00:00,0.98014
2022-10-03 01:00:00+00:00,0.98258
2022-10-03 02:00:00+00:00,0.98124
2022-10-03 03:00:00+00:00,0.98056
2022-10-03 04:00:00+00:00,0.97854
2022-10-03 05:00:00+00:00,0.98258
2022-10-03 06:00:00+00:00,0.97979
2022-10-03 07:00:00+00:00,0.98122
2022-10-03 08:00:00+00:00,0.98112
2022-10-03 09:00:00+00:00,0.97632
2022-10-03 10:00:00+00:00,0.9779
2022-10-03 11:00:00+00:00,0.97684
2022-10-03 12:00:00+00:00,0.97658
2022-10-03 13:00:00+00:00,0.97672
2022-10-03 14:00:00+00:00,0.98138
2022-10-03 15:00:00+00:00,0.98082
2022-10-03 16:00:00+00:00,0.9808
2022-10-03 17:00:00+00:00,0.97946
2022-10-03 18:00:00+00:00,0.98169
2022-10-03 19:00:00+00:00,0.98286
2022-10-03 20:00:00+00:00,0.9825
2022-10-03 21:00:00+00:00,0.98228
2022-10-03 22:00:00+00:00,0.98292
2022-10-03 23:00:00+00:00,0.98335
2022-10-04 00:00:00+00:00,0.98269
2022-10-04 01:00:00+00:00,0.98118
2022-10-04 02:00:00+00:00,0.98286
2022-10-04 03:00:00+00:00,0.98426
2022-10-04 04:00:00+00:00,0.98335
2022-10-04 05:00:00+00:00,0.9844
2022-10-04 06:00:00+00:00,0.98706
2022-10-04 07:00:00+00:00,0.98754
2022-10-04 08:00:00+00:00,0.98748
2022-10-04 09:00:00+00:00,0.98794
2022-10-04 10:00:00+00:00,0.98916
2022-10-04 11:00:00+00:00,0.98907
2022-10-04 12:00:00+00:00,0.9924
2022-10-04 13:00:00+00:00,0.99292
2022-10-04 14:00:00+00:00,0.9957
2022-10-04 15:00:00+00:00,0.99763
2022-10-04 16:00:00+00:00,0.99704
2022-10-04 17:00:00+00:00,0.99746
2022-10-04 18:00:00+00:00,0.9998
2022-10-04 19:00:00+00:00,0.99906
2022-10-04 20:00:00+00:00,0.99879
2022-10-04 21:00:00+00:00,0.99836
2022-10-04 22:00:00+00:00,0.99832
2022-10-04 23:00:00+00:00,0.99839
2022-10-05 00:00:00+00:00,0.99761
2022-10-05 01:00:00+00:00,0.99658
2022-10-05 02:00:00+00:00,0.99678
2022-10-05 03:00:00+00:00,0.99696
2022-10-05 04:00:00+00:00,0.99662
2022-10-05 05:00:00+00:00,0.99636
2022-10-05 06:00:00+00:00,0.99775
2022-10-05 07:00:00+00:00,0.99404
2022-10-05 08:00:00+00:00,0.99475
2022-10-05 09:00:00+00:00,0.99306
2022-10-05 10:00:00+00:00,0.99242
2022-10-05 11:00:00+00:00,0.99054
2022-10-05 12:00:00+00:00,0.99118
2022-10-05 13:00:00+00:00,0.98772
2022-10-05 14:00:00+00:00,0.9855
2022-10-05 15:00:00+00:00,0.98656
2022-10-05 16:00:00+00:00,0.98632
2022-10-05 17:00:00+00:00,0.98754
2022-10-05 18:00:00+00:00,0.98948
2022-10-05 19:00:00+00:00,0.98854
2022-10-05 20:00:00+00:00,0.98854
2022-10-05 21:00:00+00:00,0.98857
2022-10-05 22:00:00+00:00,0.98895
2022-10-05 23:00:00+00:00,0.99118
2022-10-06 00:00:00+00:00,0.99168
2022-10-06 01:00:00+00:00,0.9911
2022-10-06 02:00:00+00:00,0.99154
2022-10-06 03:00:00+00:00,0.99166
2022-10-06 04:00:00+00:00,0.9921
2022-10-06 05:00:00+00:00,0.99226
2022-10-06 06:00:00+00:00,0.98966
2022-10-06 07:00:00+00:00,0.99105
2022-10-06 08:00:00+00:00,0.98886
2022-10-06 09:00:00+00:00,0.98888
2022-10-06 10:00:00+00:00,0.98854
2022-10-06 11:00:00+00:00,0.98687
2022-10-06 12:00:00+00:00,0.98684
2022-10-06 13:00:00+00:00,0.98292
2022-10-06 14:00:00+00:00,0.98408
2022-10-06 15:00:00+00:00,0.98048
2022-10-06 16:00:00+00:00,0.98026
2022-10-06 17:00:00+00:00,0.98164
2022-10-06 18:00:00+00:00,0.97926
2022-10-06 19:00:00+00:00,0.97968
2022-10-06 20:00:00+00:00,0.97922
2022-10-06 21:00:00+00:00,0.9793
2022-10-06 22:00:00+00:00,0.97929
2022-10-06 23:00:00+00:00,0.97894
2022-10-07 00:00:00+00:00,0.97932
2022-10-07 01:00:00+00:00,0.9798
2022-10-07 02:00:00+00:00,0.98078
2022-10-07 03:00:00+00:00,0.98048
2022-10-07 04:00:00+00:00,0.97918
2022-10-07 05:00:00+00:00,0.98013
2022-10-07 06:00:00+00:00,0.97818
2022-10-07 07:00:00+00:00,0.97988
2022-10-07 08:00:00+00:00,0.98018
2022-10-07 09:00:00+00:00,0.98062
2022-10-07 10:00:00+00:00,0.97968
2022-10-07 11:00:00+00:00,0.97874
2022-10-07 12:00:00+00:00,0.97503
2022-10-07 13:00:00+00:00,0.97488
2022-10-07 14:00:00+00:00,0.97862
2022-10-07 15:00:00+00:00,0.9784
2022-10-07 16:00:00+00:00,0.97612
2022-10-07 17:00:00+00:00,0.97572
2022-10-07 18:00:00+00:00,0.97354
2022-10-07 19:00:00+00:00,0.97388
2022-10-07 20:00:00+00:00,0.97422
2022-10-09 21:00:00+00:00,0.9737
2022-10-09 22:00:00+00:00,0.97315
2022-10-09 23:00:00+00:00,0.97346
2022-10-10 00:00:00+00:00,0.97378
2022-10-10 01:00:00+00:00,0.97504
2022-10-10 02:00:00+00:00,0.97454
2022-10-10 03:00:00+00:00,0.9738
2022-10-10 04:00:00+00:00,0.97398
2022-10-10 05:00:00+00:00,0.9717
2022-10-10 06:00:00+00:00,0.97192
2022-10-10 07:00:00+00:00,0.9707
2022-10-10 08:00:00+00:00,0.96886
2022-10-10 09:00:00+00:00,0.97068
2022-10-10 10:00:00+00:00,0.96927
2022-10-10 11:00:00+00:00,0.96973
2022-10-10 12:00:00+00:00,0.97147
2022-10-10 13:00:00+00:00,0.97
2022-10-10 14:00:00+00:00,0.97026
2022-10-10 15:00:00+00:00,0.97028
2022-10-10 16:00:00+00:00,0.96919
2022-10-10 17:00:00+00:00,0.97134
2022-10-10 18:00:00+00:00,0.97032
2022-10-10 19:00:00+00:00,0.97024
2022-10-10 20:00:00+00:00,0.97046
2022-10-10 21:00:00+00:00,0.97039
2022-10-10 22:00:00+00:00,0.97084
2022-10-10 23:00:00+00:00,0.97114
2022-10-11 00:00:00+00:00,0.97203
2022-10-11 01:00:00+00:00,0.96971
2022-10-11 02:00:00+00:00,0.96869
2022-10-11 03:00:00+00:00,0.96822
2022-10-11 04:00:00+00:00,0.96772
2022-10-11 05:00:00+00:00,0.9686
2022-10-11 06:00:00+00:00,0.96908
2022-10-11 07:00:00+00:00,0.9699
2022-10-11 08:00:00+00:00,0.97076
2022-10-11 09:00:00+00:00,0.96994
2022-10-11 10:00:00+00:00,0.97176
2022-10-11 11:00:00+00:00,0.97249
2022-10-11 12:00:00+00:00,0.97198
2022-10-11 13:00:00+00:00,0.9702
2022-10-11 14:00:00+00:00,0.97076
2022-10-11 15:00:00+00:00,0.97562
2022-10-11 16:00:00+00:00,0.97656
2022-10-11 17:00:00+00:00,0.97526
2022-10-11 18:00:00+00:00,0.9709
2022-10-11 19:00:00+00:00,0.97104
2022-10-11 20:00:00+00:00,0.97036
2022-10-11 21:00:00+00:00,0.9704
2022-10-11 22:00:00+00:00,0.97134
2022-10-11 23:00:00+00:00,0.97008
2022-10-12 00:00:00+00:00,0.97034
2022-10-12 01:00:00+00:00,0.96911
2022-10-12 02:00:00+00:00,0.96996
2022-10-12 03:00:00+00:00,0.96984
2022-10-12 04:00:00+00:00,0.97148
2022-10-12 05:00:00+00:00,0.97208
2022-10-12 06:00:00+00:00,0.97215
2022-10-12 07:00:00+00:00,0.97074
2022-10-12 08:00:00+00:00,0.97038
2022-10-12 09:00:00+00:00,0.97086
2022-10-12 10:00:00+00:00,0.97163
2022-10-12 11:00:00+00:00,0.97082
2022-10-12 12:00:00+00:00,0.97054
2022-10-12 13:00:00+00:00,0.96906
2022-10-12 14:00:00+00:00,0.97012
2022-10-12 15:00:00+00:00,0.96906
2022-10-12 16:00:00+00:00,0.96837
2022-10-12 17:00:00+00:00,0.96908
2022-10-12 18:00:00+00:00,0.96978
2022-10-12 19:00:00+00:00,0.97012
2022-10-12 20:00:00+00:00,0.97038
2022-10-12 21:00:00+00:00,0.97066
2022-10-12 22:00:00+00:00,0.9708
2022-10-12 23:00:00+00:00,0.9705
2022-10-13 00:00:00+00:00,0.97146
2022-10-13 01:00:00+00:00,0.97052
2022-10-13 02:00:00+00:00,0.96984
2022-10-13 03:00:00+00:00,0.97004
2022-10-13 04:00:00+00:00,0.97042
2022-10-13 05:00:00+00:00,0.96974
2022-10-13 06:00:00+00:00,0.96899
2022-10-13 07:00:00+00:00,0.9706
2022-10-13 08:00:00+00:00,0.9714
2022-10-13 09:00:00+00:00,0.97262
2022-10-13 10:00:00+00:00,0.97252
2022-10-13 11:00:00+00:00,0.9745
2022-10-13 12:00:00+00:00,0.96682
2022-10-13 13:00:00+00:00,0.96942
2022-10-13 14:00:00+00:00,0.97181
2022-10-13 15:00:00+00:00,0.97792
2022-10-13 16:00:00+00:00,0.97748
2022-10-13 17:00:00+00:00,0.97965
2022-10-13 18:00:00+00:00,0.97866
2022-10-13 19:00:00+00:00,0.97748
2022-10-13 20:00:00+00:00,0.97789
2022-10-13 21:00:00+00:00,0.97764
2022-10-13 22:00:00+00:00,0.97776
2022-10-13 23:00:00+00:00,0.97676
2022-10-14 00:00:00+00:00,0.97681
2022-10-14 01:00:00+00:00,0.97998
2022-10-14 02:00:00+00:00,0.97904
2022-10-14 03:00:00+00:00,0.97873
2022-10-14 04:00:00+00:00,0.97819
2022-10-14 05:00:00+00:00,0.9776
2022-10-14 06:00:00+00:00,0.97884
2022-10-14 07:00:00+00:00,0.9768
2022-10-14 08:00:00+00:00,0.97504
2022-10-14 09:00:00+00:00,0.97302
2022-10-14 10:00:00+00:00,0.97341
2022-10-14 11:00:00+00:00,0.97188
2022-10-14 12:00:00+00:00,0.97732
2022-10-14 13:00:00+00:00,0.97373
2022-10-14 14:00:00+00:00,0.97538
2022-10-14 15:00:00+00:00,0.97387
2022-10-14 16:00:00+00:00,0.97178
2022-10-14 17:00:00+00:00,0.97284
2022-10-14 18:00:00+00:00,0.97236
2022-10-14 19:00:00+00:00,0.97282
2022-10-14 20:00:00+00:00,0.97237
2022-10-16 21:00:00+00:00,0.97248
2022-10-16 22:00:00+00:00,0.97324
2022-10-16 23:00:00+00:00,0.97399
2022-10-17 00:00:00+00:00,0.97458
2022-10-17 01:00:00+00:00,0.97457
2022-10-17 02:00:00+00:00,0.9745
2022-10-17 03:00:00+00:00,0.97398
2022-10-17 04:00:00+00:00,0.97367
2022-10-17 05:00:00+00:00,0.97522
2022-10-17 06:00:00+00:00,0.9732
2022-10-17 07:00:00+00:00,0.97472
2022-10-17 08:00:00+00:00,0.97388
2022-10-17 09:00:00+00:00,0.9753
2022-10-17 10:00:00+00:00,0.9749
2022-10-17 11:00:00+00:00,0.97408
2022-10-17 12:00:00+00:00,0.97754
2022-10-17 13:00:00+00:00,0.97822
2022-10-17 14:00:00+00:00,0.98168
2022-10-17 15:00:00+00:00,0.98418
2022-10-17 16:00:00+00:00,0.98394
2022-10-17 17:00:00+00:00,0.98414
2022-10-17 18:00:00+00:00,0.9847
2022-10-17 19:00:00+00:00,0.98351
2022-10-17 20:00:00+00:00,0.98446
2022-10-17 21:00:00+00:00,0.98407
2022-10-17 22:00:00+00:00,0.98426
2022-10-17 23:00:00+00:00,0.98438
2022-10-18 00:00:00+00:00,0.98414
2022-10-18 01:00:00+00:00,0.98322
2022-10-18 02:00:00+00:00,0.98317
2022-10-18 03:00:00+00:00,0.98412
2022-10-18 04:00:00+00:00,0.98575
2022-10-18 05:00:00+00:00,0.9854
2022-10-18 06:00:00+00:00,0.98627
2022-10-18 07:00:00+00:00,0.98577
2022-10-18 08:00:00+00:00,0.9829
2022-10-18 09:00:00+00:00,0.9838
2022-10-18 10:00:00+00:00,0.98193
2022-10-18 11:00:00+00:00,0.98312
2022-10-18 12:00:00+00:00,0.98544
2022-10-18 13:00:00+00:00,0.98528
2022-10-18 14:00:00+00:00,0.985
2022-10-18 15:00:00+00:00,0.98418
2022-10-18 16:00:00+00:00,0.9856
2022-10-18 17:00:00+00:00,0.98534
2022-10-18 18:00:00+00:00,0.985
2022-10-18 19:00:00+00:00,0.98574
2022-10-18 20:00:00+00:00,0.98588
2022-10-18 21:00:00+00:00,0.98633
2022-10-18 22:00:00+00:00,0.98671
2022-10-18 23:00:00+00:00,0.98628
2022-10-19 00:00:00+00:00,0.9861
2022-10-19 01:00:00+00:00,0.98586
2022-10-19 02:00:00+00:00,0.98526
2022-10-19 03:00:00+00:00,0.98442
2022-10-19 04:00:00+00:00,0.98402
2022-10-19 05:00:00+00:00,0.98358
2022-10-19 06:00:00+00:00,0.98218
2022-10-19 07:00:00+00:00,0.98394
2022-10-19 08:00:00+00:00,0.98169
2022-10-19 09:00:00+00:00,0.98184
2022-10-19 10:00:00+00:00,0.97809
2022-10-19 11:00:00+00:00,0.97834
2022-10-19 12:00:00+00:00,0.97799
2022-10-19 13:00:00+00:00,0.9774
2022-10-19 14:00:00+00:00,0.97904
2022-10-19 15:00:00+00:00,0.97788
2022-10-19 16:00:00+00:00,0.9766
2022-10-19 17:00:00+00:00,0.97664
2022-10-19 18:00:00+00:00,0.9767
2022-10-19 19:00:00+00:00,0.97732
2022-10-19 20:00:00+00:00,0.97726
2022-10-19 21:00:00+00:00,0.97736
2022-10-19 22:00:00+00:00,0.97652
2022-10-19 23:00:00+00:00,0.97656
2022-10-20 00:00:00+00:00,0.97652
2022-10-20 01:00:00+00:00,0.97585
2022-10-20 02:00:00+00:00,0.97654
2022-10-20 03:00:00+00:00,0.97614
2022-10-20 04:00:00+00:00,0.97786
2022-10-20 05:00:00+00:00,0.97833
2022-10-20 06:00:00+00:00,0.97922
2022-10-20 07:00:00+00:00,0.97869
2022-10-20 08:00:00+00:00,0.97817
2022-10-20 09:00:00+00:00,0.97831
2022-10-20 10:00:00+00:00,0.9807
2022-10-20 11:00:00+00:00,0.98128
2022-10-20 12:00:00+00:00,0.98028
2022-10-20 13:00:00+00:00,0.97862
2022-10-20 14:00:00+00:00,0.9845
2022-10-20 15:00:00+00:00,0.98226
2022-10-20 16:00:00+00:00,0.98026
2022-10-20 17:00:00+00:00,0.97852
2022-10-20 18:00:00+00:00,0.97844
2022-10-20 19:00:00+00:00,0.97843
2022-10-20 20:00:00+00:00,0.97886
2022-10-20 21:00:00+00:00,0.9786
2022-10-20 22:00:00+00:00,0.97832
2022-10-20 23:00:00+00:00,0.97787
2022-10-21 00:00:00+00:00,0.9771
2022-10-21 01:00:00+00:00,0.97704
2022-10-21 02:00:00+00:00,0.97768
2022-10-21 03:00:00+00:00,0.97686
2022-10-21 04:00:00+00:00,0.97712
2022-10-21 05:00:00+00:00,0.97757
2022-10-21 06:00:00+00:00,0.9766
2022-10-21 07:00:00+00:00,0.9789
2022-10-21 08:00:00+00:00,0.97563
2022-10-21 09:00:00+00:00,0.97406
2022-10-21 10:00:00+00:00,0.97498
2022-10-21 11:00:00+00:00,0.9745
2022-10-21 12:00:00+00:00,0.97578
2022-10-21 13:00:00+00:00,0.97976
2022-10-21 14:00:00+00:00,0.97972
2022-10-21 15:00:00+00:00,0.98548
2022-10-21 16:00:00+00:00,0.9839
2022-10-21 17:00:00+00:00,0.98296
2022-10-21 18:00:00+00:00,0.98442
2022-10-21 19:00:00+00:00,0.9862
2022-10-21 20:00:00+00:00,0.98605
2022-10-23 21:00:00+00:00,0.9886
2022-10-23 22:00:00+00:00,0.98492
2022-10-23 23:00:00+00:00,0.986
2022-10-24 00:00:00+00:00,0.98492
2022-10-24 01:00:00+00:00,0.98354
2022-10-24 02:00:00+00:00,0.98433
2022-10-24 03:00:00+00:00,0.98346
2022-10-24 04:00:00+00:00,0.98482
2022-10-24 05:00:00+00:00,0.98434
2022-10-24 06:00:00+00:00,0.9846
2022-10-24 07:00:00+00:00,0.98348
2022-10-24 08:00:00+00:00,0.9835
2022-10-24 09:00:00+00:00,0.98334
2022-10-24 10:00:00+00:00,0.98226
2022-10-24 11:00:00+00:00,0.98356
2022-10-24 12:00:00+00:00,0.98436
2022-10-24 13:00:00+00:00,0.98756
2022-10-24 14:00:00+00:00,0.98854
2022-10-24 15:00:00+00:00,0.98738
2022-10-24 16:00:00+00:00,0.98708
2022-10-24 17:00:00+00:00,0.9871
2022-10-24 18:00:00+00:00,0.98752
2022-10-24 19:00:00+00:00,0.9874
2022-10-24 20:00:00+00:00,0.98736
2022-10-24 21:00:00+00:00,0.98723
2022-10-24 22:00:00+00:00,0.98872
2022-10-24 23:00:00+00:00,0.98844
2022-10-25 00:00:00+00:00,0.98944
2022-10-25 01:00:00+00:00,0.98878
2022-10-25 02:00:00+00:00,0.98847
2022-10-25 03:00:00+00:00,0.98848
2022-10-25 04:00:00+00:00,0.98789
2022-10-25 05:00:00+00:00,0.98708
2022-10-25 06:00:00+00:00,0.98614
2022-10-25 07:00:00+00:00,0.98564
2022-10-25 08:00:00+00:00,0.98572
2022-10-25 09:00:00+00:00,0.98642
2022-10-25 10:00:00+00:00,0.98586
2022-10-25 11:00:00+00:00,0.98668
2022-10-25 12:00:00+00:00,0.98746
2022-10-25 13:00:00+00:00,0.99676
2022-10-25 14:00:00+00:00,0.99572
2022-10-25 15:00:00+00:00,0.99579
2022-10-25 16:00:00+00:00,0.99538
2022-10-25 17:00:00+00:00,0.99646
2022-10-25 18:00:00+00:00,0.99592
2022-10-25 19:00:00+00:00,0.99668
2022-10-25 20:00:00+00:00,0.99679
2022-10-25 21:00:00+00:00,0.99666
2022-10-25 22:00:00+00:00,0.99602
2022-10-25 23:00:00+00:00,0.99618
2022-10-26 00:00:00+00:00,0.99473
2022-10-26 01:00:00+00:00,0.99475
2022-10-26 02:00:00+00:00,0.99524
2022-10-26 03:00:00+00:00,0.99574
2022-10-26 04:00:00+00:00,0.99547
2022-10-26 05:00:00+00:00,0.99622
2022-10-26 06:00:00+00:00,0.99828
2022-10-26 07:00:00+00:00,1.00333
2022-10-26 08:00:00+00:00,1.00384
2022-10-26 09:00:00+00:00,1.00259
2022-10-26 10:00:00+00:00,1.00232
2022-10-26 11:00:00+00:00,1.00216
2022-10-26 12:00:00+00:00,1.00046
2022-10-26 13:00:00+00:00,1.0014
2022-10-26 14:00:00+00:00,1.0048
2022-10-26 15:00:00+00:00,1.0068
2022-10-26 16:00:00+00:00,1.00766
2022-10-26 17:00:00+00:00,1.008
2022-10-26 18:00:00+00:00,1.00814
2022-10-26 19:00:00+00:00,1.00816
2022-10-26 20:00:00+00:00,1.00852
2022-10-26 21:00:00+00:00,1.00816
2022-10-26 22:00:00+00:00,1.00801
2022-10-26 23:00:00+00:00,1.00934
2022-10-27 00:00:00+00:00,1.00784
2022-10-27 01:00:00+00:00,1.00758
2022-10-27 02:00:00+00:00,1.00668
2022-10-27 03:00:00+00:00,1.00694
2022-10-27 04:00:00+00:00,1.00708
2022-10-27 05:00:00+00:00,1.00768
2022-10-27 06:00:00+00:00,1.0057
2022-10-27 07:00:00+00:00,1.00666
2022-10-27 08:00:00+00:00,1.00602
2022-10-27 09:00:00+00:00,1.00382
2022-10-27 10:00:00+00:00,1.0036
2022-10-27 11:00:00+00:00,1.00498
2022-10-27 12:00:00+00:00,1.00066
2022-10-27 13:00:00+00:00,1.00058
2022-10-27 14:00:00+00:00,0.99982
2022-10-27 15:00:00+00:00,0.99839
2022-10-27 16:00:00+00:00,0.9978
2022-10-27 17:00:00+00:00,0.99717
2022-10-27 18:00:00+00:00,0.9963
2022-10-27 19:00:00+00:00,0.99708
2022-10-27 20:00:00+00:00,0.99648
2022-10-27 21:00:00+00:00,0.99673
2022-10-27 22:00:00+00:00,0.99716
2022-10-27 23:00:00+00:00,0.99671
2022-10-28 00:00:00+00:00,0.99668
2022-10-28 01:00:00+00:00,0.99953
2022-10-28 02:00:00+00:00,0.99886
2022-10-28 03:00:00+00:00,0.99924
2022-10-28 04:00:00+00:00,0.9985
2022-10-28 05:00:00+00:00,0.9974
2022-10-28 06:00:00+00:00,0.99682
2022-10-28 07:00:00+00:00,0.99458
2022-10-28 08:00:00+00:00,0.99412
2022-10-28 09:00:00+00:00,0.99536
2022-10-28 10:00:00+00:00,0.99475
2022-10-28 11:00:00+00:00,0.9954
2022-10-28 12:00:00+00:00,0.99691
2022-10-28 13:00:00+00:00,0.99694
2022-10-28 14:00:00+00:00,0.9951
2022-10-28 15:00:00+00:00,0.99337
2022-10-28 16:00:00+00:00,0.99388
2022-10-28 17:00:00+00:00,0.99384
2022-10-28 18:00:00+00:00,0.99558
2022-10-28 19:00:00+00:00,0.9966
2022-10-28 20:00:00+00:00,0.9966
2022-10-30 21:00:00+00:00,0.99601
2022-10-30 22:00:00+00:00,0.99575
2022-10-30 23:00:00+00:00,0.99545
2022-10-31 00:00:00+00:00,0.99592
2022-10-31 01:00:00+00:00,0.99485
2022-10-31 02:00:00+00:00,0.99556
2022-10-31 03:00:00+00:00,0.99649
2022-10-31 04:00:00+00:00,0.99608
2022-10-31 05:00:00+00:00,0.99482
2022-10-31 06:00:00+00:00,0.99524
2022-10-31 07:00:00+00:00,0.99296
2022-10-31 08:00:00+00:00,0.99232
2022-10-31 09:00:00+00:00,0.99466
2022-10-31 10:00:00+00:00,0.99328
2022-10-31 11:00:00+00:00,0.99364
2022-10-31 12:00:00+00:00,0.9909
2022-10-31 13:00:00+00:00,0.989
2022-10-31 14:00:00+00:00,0.98898
2022-10-31 15:00:00+00:00,0.98828
2022-10-31 16:00:00+00:00,0.98754
2022-10-31 17:00:00+00:00,0.9887
2022-10-31 18:00:00+00:00,0.98882
2022-10-31 19:00:00+00:00,0.9883
2022-10-31 20:00:00+00:00,0.98828
2022-10-31 21:00:00+00:00,0.9883
2022-10-31 22:00:00+00:00,0.98848
2022-10-31 23:00:00+00:00,0.98859
2022-11-01 00:00:00+00:00,0.98853
2022-11-01 01:00:00+00:00,0.9895
2022-11-01 02:00:00+00:00,0.99064
2022-11-01 03:00:00+00:00,0.99035
2022-11-01 04:00:00+00:00,0.99053
2022-11-01 05:00:00+00:00,0.99251
2022-11-01 06:00:00+00:00,0.99331
2022-11-01 07:00:00+00:00,0.99304
2022-11-01 08:00:00+00:00,0.99227
2022-11-01 09:00:00+00:00,0.9934
2022-11-01 10:00:00+00:00,0.99366
2022-11-01 11:00:00+00:00,0.99345
2022-11-01 12:00:00+00:00,0.9941
2022-11-01 13:00:00+00:00,0.99366
2022-11-01 14:00:00+00:00,0.98692
2022-11-01 15:00:00+00:00,0.98704
2022-11-01 16:00:00+00:00,0.98614
2022-11-01 17:00:00+00:00,0.98821
2022-11-01 18:00:00+00:00,0.98828
2022-11-01 19:00:00+00:00,0.98777
2022-11-01 20:00:00+00:00,0.98742
2022-11-01 21:00:00+00:00,0.98756
2022-11-01 22:00:00+00:00,0.98742
2022-11-01 23:00:00+00:00,0.98776
2022-11-02 00:00:00+00:00,0.98875
2022-11-02 01:00:00+00:00,0.98882
2022-11-02 02:00:00+00:00,0.98938
2022-11-02 03:00:00+00:00,0.9893
2022-11-02 04:00:00+00:00,0.98844
2022-11-02 05:00:00+00:00,0.98878
2022-11-02 06:00:00+00:00,0.98828
2022-11-02 07:00:00+00:00,0.98842
2022-11-02 08:00:00+00:00,0.99002
2022-11-02 09:00:00+00:00,0.99052
2022-11-02 10:00:00+00:00,0.99016
2022-11-02 11:00:00+00:00,0.98978
2022-11-02 12:00:00+00:00,0.99062
2022-11-02 13:00:00+00:00,0.98942
2022-11-02 14:00:00+00:00,0.98736
2022-11-02 15:00:00+00:00,0.98744
2022-11-02 16:00:00+00:00,0.98676
2022-11-02 17:00:00+00:00,0.98808
2022-11-02 18:00:00+00:00,0.98849
2022-11-02 19:00:00+00:00,0.98286
2022-11-02 20:00:00+00:00,0.98156
2022-11-02 21:00:00+00:00,0.98174
2022-11-02 22:00:00+00:00,0.9815
2022-11-02 23:00:00+00:00,0.98139
2022-11-03 00:00:00+00:00,0.9821
2022-11-03 01:00:00+00:00,0.98313
2022-11-03 02:00:00+00:00,0.98273
2022-11-03 03:00:00+00:00,0.98294
2022-11-03 04:00:00+00:00,0.98348
2022-11-03 05:00:00+00:00,0.98261
2022-11-03 06:00:00+00:00,0.98116
2022-11-03 07:00:00+00:00,0.9784
2022-11-03 08:00:00+00:00,0.97676
2022-11-03 09:00:00+00:00,0.97534
2022-11-03 10:00:00+00:00,0.97454
2022-11-03 11:00:00+00:00,0.97397
2022-11-03 12:00:00+00:00,0.9741
2022-11-03 13:00:00+00:00,0.97446
2022-11-03 14:00:00+00:00,0.97855
2022-11-03 15:00:00+00:00,0.9758
2022-11-03 16:00:00+00:00,0.97481
2022-11-03 17:00:00+00:00,0.97472
2022-11-03 18:00:00+00:00,0.97536
2022-11-03 19:00:00+00:00,0.97516
2022-11-03 20:00:00+00:00,0.975
2022-11-03 21:00:00+00:00,0.97495
2022-11-03 22:00:00+00:00,0.97514
2022-11-03 23:00:00+00:00,0.97492
2022-11-04 00:00:00+00:00,0.97528
2022-11-04 01:00:00+00:00,0.9764
2022-11-04 02:00:00+00:00,0.97668
2022-11-04 03:00:00+00:00,0.97732
2022-11-04 04:00:00+00:00,0.97866
2022-11-04 05:00:00+00:00,0.97755
2022-11-04 06:00:00+00:00,0.97805
2022-11-04 07:00:00+00:00,0.97639
2022-11-04 08:00:00+00:00,0.9774
2022-11-04 09:00:00+00:00,0.97754
2022-11-04 10:00:00+00:00,0.97918
2022-11-04 11:00:00+00:00,0.97972
2022-11-04 12:00:00+00:00,0.9847
2022-11-04 13:00:00+00:00,0.98668
2022-11-04 14:00:00+00:00,0.99292
2022-11-04 15:00:00+00:00,0.98954
2022-11-04 16:00:00+00:00,0.99152
2022-11-04 17:00:00+00:00,0.99232
2022-11-04 18:00:00+00:00,0.99484
2022-11-04 19:00:00+00:00,0.99607
2022-11-04 20:00:00+00:00,0.99589
2022-11-06 22:00:00+00:00,0.99235
2022-11-06 23:00:00+00:00,0.99285
2022-11-07 00:00:00+00:00,0.9933
2022-11-07 01:00:00+00:00,0.99306
2022-11-07 02:00:00+00:00,0.99378
2022-11-07 03:00:00+00:00,0.99376
2022-11-07 04:00:00+00:00,0.99391
2022-11-07 05:00:00+00:00,0.99444
2022-11-07 06:00:00+00:00,0.994
2022-11-07 07:00:00+00:00,0.99278
2022-11-07 08:00:00+00:00,0.99866
2022-11-07 09:00:00+00:00,0.99857
2022-11-07 10:00:00+00:00,0.99818
2022-11-07 11:00:00+00:00,0.99813
2022-11-07 12:00:00+00:00,0.99874
2022-11-07 13:00:00+00:00,0.99938
2022-11-07 14:00:00+00:00,0.99887
2022-11-07 15:00:00+00:00,1.00012
2022-11-07 16:00:00+00:00,0.99968
2022-11-07 17:00:00+00:00,1.0022
2022-11-07 18:00:00+00:00,1.00309
2022-11-07 19:00:00+00:00,1.00264
2022-11-07 20:00:00+00:00,1.00206
2022-11-07 21:00:00+00:00,1.0021
2022-11-07 22:00:00+00:00,1.00183
2022-11-07 23:00:00+00:00,1.00176
2022-11-08 00:00:00+00:00,1.00275
2022-11-08 01:00:00+00:00,1.0014
2022-11-08 02:00:00+00:00,1.00079
2022-11-08 03:00:00+00:00,1.00134
2022-11-08 04:00:00+00:00,1.0006
2022-11-08 05:00:00+00:00,0.99956
2022-11-08 06:00:00+00:00,0.99989
2022-11-08 07:00:00+00:00,0.99996
2022-11-08 08:00:00+00:00,0.99827
2022-11-08 09:00:00+00:00,1.00035
2022-11-08 10:00:00+00:00,0.99948
2022-11-08 11:00:00+00:00,0.99982
2022-11-08 12:00:00+00:00,0.99938
2022-11-08 13:00:00+00:00,0.99996
2022-11-08 14:00:00+00:00,1.00114
2022-11-08 15:00:00+00:00,1.00662
2022-11-08 16:00:00+00:00,1.00877
2022-11-08 17:00:00+00:00,1.00884
2022-11-08 18:00:00+00:00,1.00675
2022-11-08 19:00:00+00:00,1.00726
2022-11-08 20:00:00+00:00,1.00716
2022-11-08 21:00:00+00:00,1.00732
2022-11-08 22:00:00+00:00,1.00738
2022-11-08 23:00:00+00:00,1.00804
2022-11-09 00:00:00+00:00,1.00638
2022-11-09 01:00:00+00:00,1.00631
2022-11-09 02:00:00+00:00,1.00815
2022-11-09 03:00:00+00:00,1.00718
2022-11-09 04:00:00+00:00,1.00694
2022-11-09 05:00:00+00:00,1.00684
2022-11-09 06:00:00+00:00,1.00585
2022-11-09 07:00:00+00:00,1.00644
2022-11-09 08:00:00+00:00,1.00694
2022-11-09 09:00:00+00:00,1.0047
2022-11-09 10:00:00+00:00,1.00458
2022-11-09 11:00:00+00:00,1.0054
2022-11-09 12:00:00+00:00,1.00498
2022-11-09 13:00:00+00:00,1.00286
2022-11-09 14:00:00+00:00,1.00184
2022-11-09 15:00:00+00:00,1.0028
2022-11-09 16:00:00+00:00,1.00368
2022-11-09 17:00:00+00:00,1.0027
2022-11-09 18:00:00+00:00,1.00124
2022-11-09 19:00:00+00:00,1.00027
2022-11-09 20:00:00+00:00,1.00102
2022-11-09 21:00:00+00:00,1.00117
2022-11-09 22:00:00+00:00,1.0012
2022-11-09 23:00:00+00:00,1.00192
2022-11-10 00:00:00+00:00,1.00209
2022-11-10 01:00:00+00:00,1.00238
2022-11-10 02:00:00+00:00,1.0017
2022-11-10 03:00:00+00:00,1.00264
2022-11-10 04:00:00+00:00,1.00288
2022-11-10 05:00:00+00:00,1.00347
2022-11-10 06:00:00+00:00,1.00318
2022-11-10 07:00:00+00:00,0.99978
2022-11-10 08:00:00+00:00,0.99912
2022-11-10 09:00:00+00:00,0.99614
2022-11-10 10:00:00+00:00,0.99552
2022-11-10 11:00:00+00:00,0.99448
2022-11-10 12:00:00+00:00,0.99492
2022-11-10 13:00:00+00:00,1.01227
2022-11-10 14:00:00+00:00,1.01639
2022-11-10 15:00:00+00:00,1.01813
2022-11-10 16:00:00+00:00,1.01746
2022-11-10 17:00:00+00:00,1.01428
2022-11-10 18:00:00+00:00,1.01583
2022-11-10 19:00:00+00:00,1.01812
2022-11-10 20:00:00+00:00,1.01968
2022-11-10 21:00:00+00:00,1.02076
2022-11-10 22:00:00+00:00,1.01984
2022-11-10 23:00:00+00:00,1.01916
2022-11-11 00:00:00+00:00,1.01851
2022-11-11 01:00:00+00:00,1.01663
2022-11-11 02:00:00+00:00,1.01944
2022-11-11 03:00:00+00:00,1.01842
2022-11-11 04:00:00+00:00,1.01922
2022-11-11 05:00:00+00:00,1.02191
2022-11-11 06:00:00+00:00,1.02176
2022-11-11 07:00:00+00:00,1.02447
2022-11-11 08:00:00+00:00,1.02704
2022-11-11 09:00:00+00:00,1.02692
2022-11-11 10:00:00+00:00,1.02558
2022-11-11 11:00:00+00:00,1.0291
2022-11-11 12:00:00+00:00,1.0309
2022-11-11 13:00:00+00:00,1.03118
2022-11-11 14:00:00+00:00,1.02886
2022-11-11 15:00:00+00:00,1.03266
2022-11-11 16:00:00+00:00,1.0333
2022-11-11 17:00:00+00:00,1.0342
2022-11-11 18:00:00+00:00,1.03572
2022-11-11 19:00:00+00:00,1.03624
2022-11-11 20:00:00+00:00,1.03575
2022-11-11 21:00:00+00:00,1.03542
2022-11-13 22:00:00+00:00,1.03194
2022-11-13 23:00:00+00:00,1.0327
2022-11-14 00:00:00+00:00,1.03328
2022-11-14 01:00:00+00:00,1.03274
2022-11-14 02:00:00+00:00,1.03258
2022-11-14 03:00:00+00:00,1.03269
2022-11-14 04:00:00+00:00,1.03124
2022-11-14 05:00:00+00:00,1.03004
2022-11-14 06:00:00+00:00,1.03249
2022-11-14 07:00:00+00:00,1.03278
2022-11-14 08:00:00+00:00,1.03446
2022-11-14 09:00:00+00:00,1.03128
2022-11-14 10:00:00+00:00,1.0293
2022-11-14 11:00:00+00:00,1.02841
2022-11-14 12:00:00+00:00,1.03341
2022-11-14 13:00:00+00:00,1.03178
2022-11-14 14:00:00+00:00,1.03134
2022-11-14 15:00:00+00:00,1.033
2022-11-14 16:00:00+00:00,1.03358
2022-11-14 17:00:00+00:00,1.03356
2022-11-14 18:00:00+00:00,1.03532
2022-11-14 19:00:00+00:00,1.03534
2022-11-14 20:00:00+00:00,1.03286
2022-11-14 21:00:00+00:00,1.03271
2022-11-14 22:00:00+00:00,1.0323
2022-11-14 23:00:00+00:00,1.03198
2022-11-15 00:00:00+00:00,1.03188
2022-11-15 01:00:00+00:00,1.03196
2022-11-15 02:00:00+00:00,1.03207
2022-11-15 03:00:00+00:00,1.03204
2022-11-15 04:00:00+00:00,1.03212
2022-11-15 05:00:00+00:00,1.0332
2022-11-15 06:00:00+00:00,1.03404
2022-11-15 07:00:00+00:00,1.04074
2022-11-15 08:00:00+00:00,1.04074
2022-11-15 09:00:00+00:00,1.0401
2022-11-15 10:00:00+00:00,1.0428
2022-11-15 11:00:00+00:00,1.04111
2022-11-15 12:00:00+00:00,1.04074
2022-11-15 13:00:00+00:00,1.04385
2022-11-15 14:00:00+00:00,1.04004
2022-11-15 15:00:00+00:00,1.03684
2022-11-15 16:00:00+00:00,1.03715
2022-11-15 17:00:00+00:00,1.03848
2022-11-15 18:00:00+00:00,1.03094
2022-11-15 19:00:00+00:00,1.03641
2022-11-15 20:00:00+00:00,1.03538
2022-11-15 21:00:00+00:00,1.03481
2022-11-15 22:00:00+00:00,1.03454
2022-11-15 23:00:00+00:00,1.03576
2022-11-16 00:00:00+00:00,1.03445
2022-11-16 01:00:00+00:00,1.03438
2022-11-16 02:00:00+00:00,1.0377
2022-11-16 03:00:00+00:00,1.03537
2022-11-16 04:00:00+00:00,1.03452
2022-11-16 05:00:00+00:00,1.03737
2022-11-16 06:00:00+00:00,1.03787
2022-11-16 07:00:00+00:00,1.04027
2022-11-16 08:00:00+00:00,1.0406
2022-11-16 09:00:00+00:00,1.042
2022-11-16 10:00:00+00:00,1.04282
2022-11-16 11:00:00+00:00,1.04166
2022-11-16 12:00:00+00:00,1.04196
2022-11-16 13:00:00+00:00,1.0391
2022-11-16 14:00:00+00:00,1.03883
2022-11-16 15:00:00+00:00,1.04038
2022-11-16 16:00:00+00:00,1.03945
2022-11-16 17:00:00+00:00,1.0384
2022-11-16 18:00:00+00:00,1.03668
2022-11-16 19:00:00+00:00,1.03925
2022-11-16 20:00:00+00:00,1.03978
2022-11-16 21:00:00+00:00,1.03944
2022-11-16 22:00:00+00:00,1.03942
2022-11-16 23:00:00+00:00,1.03936
2022-11-17 00:00:00+00:00,1.03866
2022-11-17 01:00:00+00:00,1.03774
2022-11-17 02:00:00+00:00,1.03701
2022-11-17 03:00:00+00:00,1.0372
2022-11-17 04:00:00+00:00,1.0371
2022-11-17 05:00:00+00:00,1.03803
2022-11-17 06:00:00+00:00,1.03878
2022-11-17 07:00:00+00:00,1.03928
2022-11-17 08:00:00+00:00,1.03863
2022-11-17 09:00:00+00:00,1.03639
2022-11-17 10:00:00+00:00,1.0338
2022-11-17 11:00:00+00:00,1.03466
2022-11-17 12:00:00+00:00,1.03326
2022-11-17 13:00:00+00:00,1.03124
2022-11-17 14:00:00+00:00,1.0335
2022-11-17 15:00:00+00:00,1.03288
2022-11-17 16:00:00+00:00,1.03392
2022-11-17 17:00:00+00:00,1.03502
2022-11-17 18:00:00+00:00,1.03658
2022-11-17 19:00:00+00:00,1.03638
2022-11-17 20:00:00+00:00,1.03685
2022-11-17 21:00:00+00:00,1.0365
2022-11-17 22:00:00+00:00,1.03644
2022-11-17 23:00:00+00:00,1.03608
2022-11-18 00:00:00+00:00,1.03716
2022-11-18 01:00:00+00:00,1.03679
2022-11-18 02:00:00+00:00,1.03678
2022-11-18 03:00:00+00:00,1.03828
2022-11-18 04:00:00+00:00,1.03652
2022-11-18 05:00:00+00:00,1.03718
2022-11-18 06:00:00+00:00,1.03758
2022-11-18 07:00:00+00:00,1.03755
2022-11-18 08:00:00+00:00,1.0357
2022-11-18 09:00:00+00:00,1.03816
2022-11-18 10:00:00+00:00,1.03692
2022-11-18 11:00:00+00:00,1.03664
2022-11-18 12:00:00+00:00,1.03614
2022-11-18 13:00:00+00:00,1.03646
2022-11-18 14:00:00+00:00,1.03348
2022-11-18 15:00:00+00:00,1.03644
2022-11-18 16:00:00+00:00,1.03483
2022-11-18 17:00:00+00:00,1.03334
2022-11-18 18:00:00+00:00,1.03312
2022-11-18 19:00:00+00:00,1.03284
2022-11-18 20:00:00+00:00,1.0325
2022-11-18 21:00:00+00:00,1.03223
2022-11-20 22:00:00+00:00,1.03252
2022-11-20 23:00:00+00:00,1.03308
2022-11-21 00:00:00+00:00,1.0316
2022-11-21 01:00:00+00:00,1.03118
2022-11-21 02:00:00+00:00,1.02884
2022-11-21 03:00:00+00:00,1.03016
2022-11-21 04:00:00+00:00,1.02813
2022-11-21 05:00:00+00:00,1.02824
2022-11-21 06:00:00+00:00,1.02592
2022-11-21 07:00:00+00:00,1.02553
2022-11-21 08:00:00+00:00,1.02548
2022-11-21 09:00:00+00:00,1.02268
2022-11-21 10:00:00+00:00,1.02402
2022-11-21 11:00:00+00:00,1.02346
2022-11-21 12:00:00+00:00,1.02396
2022-11-21 13:00:00+00:00,1.02544
2022-11-21 14:00:00+00:00,1.0256
2022-11-21 15:00:00+00:00,1.02397
2022-11-21 16:00:00+00:00,1.02374
2022-11-21 17:00:00+00:00,1.02326
2022-11-21 18:00:00+00:00,1.0235
2022-11-21 19:00:00+00:00,1.02396
2022-11-21 20:00:00+00:00,1.0242
2022-11-21 21:00:00+00:00,1.02416
2022-11-21 22:00:00+00:00,1.02426
2022-11-21 23:00:00+00:00,1.02454
2022-11-22 00:00:00+00:00,1.02536
2022-11-22 01:00:00+00:00,1.02608
2022-11-22 02:00:00+00:00,1.02649
2022-11-22 03:00:00+00:00,1.02615
2022-11-22 04:00:00+00:00,1.02606
2022-11-22 05:00:00+00:00,1.02537
2022-11-22 06:00:00+00:00,1.02474
2022-11-22 07:00:00+00:00,1.0266
2022-11-22 08:00:00+00:00,1.02716
2022-11-22 09:00:00+00:00,1.02688
2022-11-22 10:00:00+00:00,1.02804
2022-11-22 11:00:00+00:00,1.02702
2022-11-22 12:00:00+00:00,1.02715
2022-11-22 13:00:00+00:00,1.02605
2022-11-22 14:00:00+00:00,1.02654
2022-11-22 15:00:00+00:00,1.02833
2022-11-22 16:00:00+00:00,1.0275
2022-11-22 17:00:00+00:00,1.02958
2022-11-22 18:00:00+00:00,1.03052
2022-11-22 19:00:00+00:00,1.02956
2022-11-22 20:00:00+00:00,1.03006
2022-11-22 21:00:00+00:00,1.03026
2022-11-22 22:00:00+00:00,1.03041
2022-11-22 23:00:00+00:00,1.03108
2022-11-23 00:00:00+00:00,1.03055
2022-11-23 01:00:00+00:00,1.03111
2022-11-23 02:00:00+00:00,1.0324
2022-11-23 03:00:00+00:00,1.03157
2022-11-23 04:00:00+00:00,1.0317
2022-11-23 05:00:00+00:00,1.03275
2022-11-23 06:00:00+00:00,1.03314
2022-11-23 07:00:00+00:00,1.03432
2022-11-23 08:00:00+00:00,1.03138
2022-11-23 09:00:00+00:00,1.03253
2022-11-23 10:00:00+00:00,1.0312
2022-11-23 11:00:00+00:00,1.03198
2022-11-23 12:00:00+00:00,1.03234
2022-11-23 13:00:00+00:00,1.0332
2022-11-23 14:00:00+00:00,1.03674
2022-11-23 15:00:00+00:00,1.03764
2022-11-23 16:00:00+00:00,1.03636
2022-11-23 17:00:00+00:00,1.0364
2022-11-23 18:00:00+00:00,1.03754
2022-11-23 19:00:00+00:00,1.04008
2022-11-23 20:00:00+00:00,1.04027
2022-11-23 21:00:00+00:00,1.03954
2022-11-23 22:00:00+00:00,1.03958
2022-11-23 23:00:00+00:00,1.0418
2022-11-24 00:00:00+00:00,1.04152
2022-11-24 01:00:00+00:00,1.04236
2022-11-24 02:00:00+00:00,1.0432
2022-11-24 03:00:00+00:00,1.0446
2022-11-24 04:00:00+00:00,1.04464
2022-11-24 05:00:00+00:00,1.0434
2022-11-24 06:00:00+00:00,1.04305
2022-11-24 07:00:00+00:00,1.04162
2022-11-24 08:00:00+00:00,1.04062
2022-11-24 09:00:00+00:00,1.04195
2022-11-24 10:00:00+00:00,1.04054
2022-11-24 11:00:00+00:00,1.04048
2022-11-24 12:00:00+00:00,1.04122
2022-11-24 13:00:00+00:00,1.04229
2022-11-24 14:00:00+00:00,1.04222
2022-11-24 15:00:00+00:00,1.04096
2022-11-24 16:00:00+00:00,1.04072
2022-11-24 17:00:00+00:00,1.04092
2022-11-24 18:00:00+00:00,1.04056
2022-11-24 19:00:00+00:00,1.04136
2022-11-24 20:00:00+00:00,1.04137
2022-11-24 21:00:00+00:00,1.04118
2022-11-24 22:00:00+00:00,1.04086
2022-11-24 23:00:00+00:00,1.04076
2022-11-25 00:00:00+00:00,1.04057
2022-11-25 01:00:00+00:00,1.04095
2022-11-25 02:00:00+00:00,1.04112
2022-11-25 03:00:00+00:00,1.04164
2022-11-25 04:00:00+00:00,1.04216
2022-11-25 05:00:00+00:00,1.04112
2022-11-25 06:00:00+00:00,1.04202
2022-11-25 07:00:00+00:00,1.04092
2022-11-25 08:00:00+00:00,1.04226
2022-11-25 09:00:00+00:00,1.03935
2022-11-25 10:00:00+00:00,1.04148
2022-11-25 11:00:00+00:00,1.039
2022-11-25 12:00:00+00:00,1.03788
2022-11-25 13:00:00+00:00,1.03727
2022-11-25 14:00:00+00:00,1.03816
2022-11-25 15:00:00+00:00,1.04068
2022-11-25 16:00:00+00:00,1.04012
2022-11-25 17:00:00+00:00,1.04059
2022-11-25 18:00:00+00:00,1.04016
2022-11-25 19:00:00+00:00,1.04116
2022-11-25 20:00:00+00:00,1.0409
2022-11-25 21:00:00+00:00,1.03965
2022-11-27 22:00:00+00:00,1.03767
2022-11-27 23:00:00+00:00,1.03672
2022-11-28 00:00:00+00:00,1.03784
2022-11-28 01:00:00+00:00,1.03484
2022-11-28 02:00:00+00:00,1.0361
2022-11-28 03:00:00+00:00,1.0355
2022-11-28 04:00:00+00:00,1.03622
2022-11-28 05:00:00+00:00,1.03508
2022-11-28 06:00:00+00:00,1.03718
2022-11-28 07:00:00+00:00,1.0374
2022-11-28 08:00:00+00:00,1.04391
2022-11-28 09:00:00+00:00,1.04478
2022-11-28 10:00:00+00:00,1.04742
2022-11-28 11:00:00+00:00,1.04742
2022-11-28 12:00:00+00:00,1.0473
2022-11-28 13:00:00+00:00,1.0463
2022-11-28 14:00:00+00:00,1.04301
2022-11-28 15:00:00+00:00,1.03984
2022-11-28 16:00:00+00:00,1.03853
2022-11-28 17:00:00+00:00,1.03698
2022-11-28 18:00:00+00:00,1.03614
2022-11-28 19:00:00+00:00,1.03378
2022-11-28 20:00:00+00:00,1.03356
2022-11-28 21:00:00+00:00,1.03406
2022-11-28 22:00:00+00:00,1.03424
2022-11-28 23:00:00+00:00,1.03434
2022-11-29 00:00:00+00:00,1.03404
2022-11-29 01:00:00+00:00,1.03598
2022-11-29 02:00:00+00:00,1.0349
2022-11-29 03:00:00+00:00,1.03788
2022-11-29 04:00:00+00:00,1.0393
2022-11-29 05:00:00+00:00,1.03868
2022-11-29 06:00:00+00:00,1.03591
2022-11-29 07:00:00+00:00,1.03814
2022-11-29 08:00:00+00:00,1.03832
2022-11-29 09:00:00+00:00,1.03648
2022-11-29 10:00:00+00:00,1.03826
2022-11-29 11:00:00+00:00,1.03826
2022-11-29 12:00:00+00:00,1.03754
2022-11-29 13:00:00+00:00,1.03302
2022-11-29 14:00:00+00:00,1.03399
2022-11-29 15:00:00+00:00,1.03562
2022-11-29 16:00:00+00:00,1.03552
2022-11-29 17:00:00+00:00,1.03403
2022-11-29 18:00:00+00:00,1.03379
2022-11-29 19:00:00+00:00,1.03276
2022-11-29 20:00:00+00:00,1.03256
2022-11-29 21:00:00+00:00,1.0329
2022-11-29 22:00:00+00:00,1.03287
2022-11-29 23:00:00+00:00,1.03238
2022-11-30 00:00:00+00:00,1.03432
2022-11-30 01:00:00+00:00,1.03478
2022-11-30 02:00:00+00:00,1.0349
2022-11-30 03:00:00+00:00,1.03482
2022-11-30 04:00:00+00:00,1.0356
2022-11-30 05:00:00+00:00,1.03487
2022-11-30 06:00:00+00:00,1.03426
2022-11-30 07:00:00+00:00,1.03512
2022-11-30 08:00:00+00:00,1.03688
2022-11-30 09:00:00+00:00,1.03586
2022-11-30 10:00:00+00:00,1.0354
2022-11-30 11:00:00+00:00,1.03592
2022-11-30 12:00:00+00:00,1.03686
2022-11-30 13:00:00+00:00,1.03591
2022-11-30 14:00:00+00:00,1.03854
2022-11-30 15:00:00+00:00,1.02986
2022-11-30 16:00:00+00:00,1.03218
2022-11-30 17:00:00+00:00,1.0315
2022-11-30 18:00:00+00:00,1.03724
2022-11-30 19:00:00+00:00,1.04136
2022-11-30 20:00:00+00:00,1.04076
2022-11-30 21:00:00+00:00,1.04072
2022-11-30 22:00:00+00:00,1.04088
2022-11-30 23:00:00+00:00,1.04235
2022-12-01 00:00:00+00:00,1.04381
2022-12-01 01:00:00+00:00,1.04262
2022-12-01 02:00:00+00:00,1.04261
2022-12-01 03:00:00+00:00,1.0432
2022-12-01 04:00:00+00:00,1.04394
2022-12-01 05:00:00+00:00,1.04458
2022-12-01 06:00:00+00:00,1.04562
2022-12-01 07:00:00+00:00,1.04036
2022-12-01 08:00:00+00:00,1.04442
2022-12-01 09:00:00+00:00,1.04416
2022-12-01 10:00:00+00:00,1.04202
2022-12-01 11:00:00+00:00,1.04376
2022-12-01 12:00:00+00:00,1.04448
2022-12-01 13:00:00+00:00,1.04894
2022-12-01 14:00:00+00:00,1.05228
2022-12-01 15:00:00+00:00,1.04874
2022-12-01 16:00:00+00:00,1.04972
2022-12-01 17:00:00+00:00,1.05074
2022-12-01 18:00:00+00:00,1.05078
2022-12-01 19:00:00+00:00,1.05186
2022-12-01 20:00:00+00:00,1.05242
2022-12-01 21:00:00+00:00,1.0526
2022-12-01 22:00:00+00:00,1.05234
2022-12-01 23:00:00+00:00,1.0528
2022-12-02 00:00:00+00:00,1.05102
2022-12-02 01:00:00+00:00,1.05135
2022-12-02 02:00:00+00:00,1.0512
2022-12-02 03:00:00+00:00,1.05248
2022-12-02 04:00:00+00:00,1.05236
2022-12-02 05:00:00+00:00,1.05232
2022-12-02 06:00:00+00:00,1.0528
2022-12-02 07:00:00+00:00,1.05296
2022-12-02 08:00:00+00:00,1.05356
2022-12-02 09:00:00+00:00,1.05299
2022-12-02 10:00:00+00:00,1.05293
2022-12-02 11:00:00+00:00,1.05374
2022-12-02 12:00:00+00:00,1.05378
2022-12-02 13:00:00+00:00,1.04624
2022-12-02 14:00:00+00:00,1.04706
2022-12-02 15:00:00+00:00,1.04734
2022-12-02 16:00:00+00:00,1.05198
2022-12-02 17:00:00+00:00,1.05257
2022-12-02 18:00:00+00:00,1.05193
2022-12-02 19:00:00+00:00,1.05362
2022-12-02 20:00:00+00:00,1.05332
2022-12-02 21:00:00+00:00,1.05406
2022-12-04 22:00:00+00:00,1.05406
2022-12-04 23:00:00+00:00,1.0544
2022-12-05 00:00:00+00:00,1.05429
2022-12-05 01:00:00+00:00,1.05682
2022-12-05 02:00:00+00:00,1.05707
2022-12-05 03:00:00+00:00,1.05804
2022-12-05 04:00:00+00:00,1.05812
2022-12-05 05:00:00+00:00,1.05832
2022-12-05 06:00:00+00:00,1.0569
2022-12-05 07:00:00+00:00,1.05392
2022-12-05 08:00:00+00:00,1.05545
2022-12-05 09:00:00+00:00,1.05594
2022-12-05 10:00:00+00:00,1.05364
2022-12-05 11:00:00+00:00,1.05646
2022-12-05 12:00:00+00:00,1.059
2022-12-05 13:00:00+00:00,1.05658
2022-12-05 14:00:00+00:00,1.055
2022-12-05 15:00:00+00:00,1.05252
2022-12-05 16:00:00+00:00,1.04933
2022-12-05 17:00:00+00:00,1.04956
2022-12-05 18:00:00+00:00,1.04974
2022-12-05 19:00:00+00:00,1.04926
2022-12-05 20:00:00+00:00,1.04852
2022-12-05 21:00:00+00:00,1.04948
2022-12-05 22:00:00+00:00,1.0495
2022-12-05 23:00:00+00:00,1.04964
2022-12-06 00:00:00+00:00,1.05108
2022-12-06 01:00:00+00:00,1.05104
2022-12-06 02:00:00+00:00,1.04976
2022-12-06 03:00:00+00:00,1.04927
2022-12-06 04:00:00+00:00,1.04908
2022-12-06 05:00:00+00:00,1.04941
2022-12-06 06:00:00+00:00,1.04845
2022-12-06 07:00:00+00:00,1.04906
2022-12-06 08:00:00+00:00,1.04906
2022-12-06 09:00:00+00:00,1.04943
2022-12-06 10:00:00+00:00,1.05016
2022-12-06 11:00:00+00:00,1.05169
2022-12-06 12:00:00+00:00,1.05256
2022-12-06 13:00:00+00:00,1.05136
2022-12-06 14:00:00+00:00,1.0501
2022-12-06 15:00:00+00:00,1.0499
2022-12-06 16:00:00+00:00,1.04956
2022-12-06 17:00:00+00:00,1.0482
2022-12-06 18:00:00+00:00,1.04638
2022-12-06 19:00:00+00:00,1.04633
2022-12-06 20:00:00+00:00,1.04696
2022-12-06 21:00:00+00:00,1.04671
2022-12-06 22:00:00+00:00,1.04665
2022-12-06 23:00:00+00:00,1.04676
2022-12-07 00:00:00+00:00,1.04612
2022-12-07 01:00:00+00:00,1.0473
2022-12-07 02:00:00+00:00,1.04658
2022-12-07 03:00:00+00:00,1.04672
2022-12-07 04:00:00+00:00,1.04638
2022-12-07 05:00:00+00:00,1.04666
2022-12-07 06:00:00+00:00,1.04492
2022-12-07 07:00:00+00:00,1.04598
2022-12-07 08:00:00+00:00,1.0478
2022-12-07 09:00:00+00:00,1.04762
2022-12-07 10:00:00+00:00,1.04998
2022-12-07 11:00:00+00:00,1.04894
2022-12-07 12:00:00+00:00,1.05366
2022-12-07 13:00:00+00:00,1.05424
2022-12-07 14:00:00+00:00,1.05172
2022-12-07 15:00:00+00:00,1.05042
2022-12-07 16:00:00+00:00,1.05038
2022-12-07 17:00:00+00:00,1.05181
2022-12-07 18:00:00+00:00,1.05106
2022-12-07 19:00:00+00:00,1.05143
2022-12-07 20:00:00+00:00,1.05097
2022-12-07 21:00:00+00:00,1.05064
2022-12-07 22:00:00+00:00,1.05093
2022-12-07 23:00:00+00:00,1.05119
2022-12-08 00:00:00+00:00,1.05022
2022-12-08 01:00:00+00:00,1.05018
2022-12-08 02:00:00+00:00,1.04957
2022-12-08 03:00:00+00:00,1.05042
2022-12-08 04:00:00+00:00,1.0501
2022-12-08 05:00:00+00:00,1.05038
2022-12-08 06:00:00+00:00,1.05135
2022-12-08 07:00:00+00:00,1.05258
2022-12-08 08:00:00+00:00,1.05268
2022-12-08 09:00:00+00:00,1.04946
2022-12-08 10:00:00+00:00,1.05134
2022-12-08 11:00:00+00:00,1.05083
2022-12-08 12:00:00+00:00,1.05188
2022-12-08 13:00:00+00:00,1.05206
2022-12-08 14:00:00+00:00,1.0539
2022-12-08 15:00:00+00:00,1.05452
2022-12-08 16:00:00+00:00,1.05514
2022-12-08 17:00:00+00:00,1.05443
2022-12-08 18:00:00+00:00,1.05579
2022-12-08 19:00:00+00:00,1.05603
2022-12-08 20:00:00+00:00,1.05556
2022-12-08 21:00:00+00:00,1.05552
2022-12-08 22:00:00+00:00,1.05564
2022-12-08 23:00:00+00:00,1.05558
2022-12-09 00:00:00+00:00,1.05604
2022-12-09 01:00:00+00:00,1.05793
2022-12-09 02:00:00+00:00,1.05744
2022-12-09 03:00:00+00:00,1.05806
2022-12-09 04:00:00+00:00,1.0576
2022-12-09 05:00:00+00:00,1.0577
2022-12-09 06:00:00+00:00,1.05761
2022-12-09 07:00:00+00:00,1.05681
2022-12-09 08:00:00+00:00,1.0561
2022-12-09 09:00:00+00:00,1.05572
2022-12-09 10:00:00+00:00,1.05586
2022-12-09 11:00:00+00:00,1.05537
2022-12-09 12:00:00+00:00,1.05562
2022-12-09 13:00:00+00:00,1.0539
2022-12-09 14:00:00+00:00,1.05352
2022-12-09 15:00:00+00:00,1.05407
2022-12-09 16:00:00+00:00,1.05492
2022-12-09 17:00:00+00:00,1.05454
2022-12-09 18:00:00+00:00,1.05495
2022-12-09 19:00:00+00:00,1.0547
2022-12-09 20:00:00+00:00,1.05304
2022-12-09 21:00:00+00:00,1.05336
2022-12-11 22:00:00+00:00,1.05342
2022-12-11 23:00:00+00:00,1.05208
2022-12-12 00:00:00+00:00,1.05138
2022-12-12 01:00:00+00:00,1.05126
2022-12-12 02:00:00+00:00,1.05132
2022-12-12 03:00:00+00:00,1.05151
2022-12-12 04:00:00+00:00,1.05162
2022-12-12 05:00:00+00:00,1.05164
2022-12-12 06:00:00+00:00,1.05226
2022-12-12 07:00:00+00:00,1.05264
2022-12-12 08:00:00+00:00,1.05452
2022-12-12 09:00:00+00:00,1.05594
2022-12-12 10:00:00+00:00,1.05646
2022-12-12 11:00:00+00:00,1.05658
2022-12-12 12:00:00+00:00,1.05556
2022-12-12 13:00:00+00:00,1.05716
2022-12-12 14:00:00+00:00,1.05556
2022-12-12 15:00:00+00:00,1.05238
2022-12-12 16:00:00+00:00,1.05443
2022-12-12 17:00:00+00:00,1.05342
2022-12-12 18:00:00+00:00,1.05225
2022-12-12 19:00:00+00:00,1.05223
2022-12-12 20:00:00+00:00,1.0536
2022-12-12 21:00:00+00:00,1.05378
2022-12-12 22:00:00+00:00,1.05369
2022-12-12 23:00:00+00:00,1.05413
2022-12-13 00:00:00+00:00,1.05445
2022-12-13 01:00:00+00:00,1.05466
2022-12-13 02:00:00+00:00,1.05466
2022-12-13 03:00:00+00:00,1.05346
2022-12-13 04:00:00+00:00,1.05414
2022-12-13 05:00:00+00:00,1.05511
2022-12-13 06:00:00+00:00,1.0547
2022-12-13 07:00:00+00:00,1.05515
2022-12-13 08:00:00+00:00,1.05475
2022-12-13 09:00:00+00:00,1.05436
2022-12-13 10:00:00+00:00,1.05354
2022-12-13 11:00:00+00:00,1.05358
2022-12-13 12:00:00+00:00,1.05486
2022-12-13 13:00:00+00:00,1.06464
2022-12-13 14:00:00+00:00,1.06456
2022-12-13 15:00:00+00:00,1.06364
2022-12-13 16:00:00+00:00,1.06295
2022-12-13 17:00:00+00:00,1.06146
2022-12-13 18:00:00+00:00,1.06204
2022-12-13 19:00:00+00:00,1.06362
2022-12-13 20:00:00+00:00,1.0627
2022-12-13 21:00:00+00:00,1.06317
2022-12-13 22:00:00+00:00,1.06334
2022-12-13 23:00:00+00:00,1.06244
2022-12-14 00:00:00+00:00,1.0636
2022-12-14 01:00:00+00:00,1.06348
2022-12-14 02:00:00+00:00,1.06278
2022-12-14 03:00:00+00:00,1.06262
2022-12-14 04:00:00+00:00,1.06241
2022-12-14 05:00:00+00:00,1.0626
2022-12-14 06:00:00+00:00,1.06375
2022-12-14 07:00:00+00:00,1.063
2022-12-14 08:00:00+00:00,1.06421
2022-12-14 09:00:00+00:00,1.06622
2022-12-14 10:00:00+00:00,1.06698
2022-12-14 11:00:00+00:00,1.06518
2022-12-14 12:00:00+00:00,1.06456
2022-12-14 13:00:00+00:00,1.06466
2022-12-14 14:00:00+00:00,1.06428
2022-12-14 15:00:00+00:00,1.0647
2022-12-14 16:00:00+00:00,1.06542
2022-12-14 17:00:00+00:00,1.06514
2022-12-14 18:00:00+00:00,1.06776
2022-12-14 19:00:00+00:00,1.0664
2022-12-14 20:00:00+00:00,1.06792
2022-12-14 21:00:00+00:00,1.06822
2022-12-14 22:00:00+00:00,1.06812
2022-12-14 23:00:00+00:00,1.06761
2022-12-15 00:00:00+00:00,1.06791
2022-12-15 01:00:00+00:00,1.06627
2022-12-15 02:00:00+00:00,1.06584
2022-12-15 03:00:00+00:00,1.06548
2022-12-15 04:00:00+00:00,1.06478
2022-12-15 05:00:00+00:00,1.06586
2022-12-15 06:00:00+00:00,1.06548
2022-12-15 07:00:00+00:00,1.06411
2022-12-15 08:00:00+00:00,1.0622
2022-12-15 09:00:00+00:00,1.06218
2022-12-15 10:00:00+00:00,1.06158
2022-12-15 11:00:00+00:00,1.06244
2022-12-15 12:00:00+00:00,1.0623
2022-12-15 13:00:00+00:00,1.06528
2022-12-15 14:00:00+00:00,1.06991
2022-12-15 15:00:00+00:00,1.06485
2022-12-15 16:00:00+00:00,1.06372
2022-12-15 17:00:00+00:00,1.0599
2022-12-15 18:00:00+00:00,1.06225
2022-12-15 19:00:00+00:00,1.06308
2022-12-15 20:00:00+00:00,1.06251
2022-12-15 21:00:00+00:00,1.06267
2022-12-15 22:00:00+00:00,1.06306
2022-12-15 23:00:00+00:00,1.06388
2022-12-16 00:00:00+00:00,1.0641
2022-12-16 01:00:00+00:00,1.0642
2022-12-16 02:00:00+00:00,1.0651
2022-12-16 03:00:00+00:00,1.06479
2022-12-16 04:00:00+00:00,1.06464
2022-12-16 05:00:00+00:00,1.06455
2022-12-16 06:00:00+00:00,1.06562
2022-12-16 07:00:00+00:00,1.06315
2022-12-16 08:00:00+00:00,1.06556
2022-12-16 09:00:00+00:00,1.06121
2022-12-16 10:00:00+00:00,1.06236
2022-12-16 11:00:00+00:00,1.06353
2022-12-16 12:00:00+00:00,1.06218
2022-12-16 13:00:00+00:00,1.06343
2022-12-16 14:00:00+00:00,1.06435
2022-12-16 15:00:00+00:00,1.06166
2022-12-16 16:00:00+00:00,1.06091
2022-12-16 17:00:00+00:00,1.06051
2022-12-16 18:00:00+00:00,1.0615
2022-12-16 19:00:00+00:00,1.05995
2022-12-16 20:00:00+00:00,1.05925
2022-12-16 21:00:00+00:00,1.05848
2022-12-18 22:00:00+00:00,1.0592
2022-12-18 23:00:00+00:00,1.05844
2022-12-19 00:00:00+00:00,1.05994
2022-12-19 01:00:00+00:00,1.06066
2022-12-19 02:00:00+00:00,1.06088
2022-12-19 03:00:00+00:00,1.06087
2022-12-19 04:00:00+00:00,1.06064
2022-12-19 05:00:00+00:00,1.06076
2022-12-19 06:00:00+00:00,1.06291
2022-12-19 07:00:00+00:00,1.06243
2022-12-19 08:00:00+00:00,1.0642
2022-12-19 09:00:00+00:00,1.06181
2022-12-19 10:00:00+00:00,1.06194
2022-12-19 11:00:00+00:00,1.06062
2022-12-19 12:00:00+00:00,1.06064
2022-12-19 13:00:00+00:00,1.06062
2022-12-19 14:00:00+00:00,1.06033
2022-12-19 15:00:00+00:00,1.05796
2022-12-19 16:00:00+00:00,1.06234
2022-12-19 17:00:00+00:00,1.0625
2022-12-19 18:00:00+00:00,1.0614
2022-12-19 19:00:00+00:00,1.06044
2022-12-19 20:00:00+00:00,1.06046
2022-12-19 21:00:00+00:00,1.06079
2022-12-19 22:00:00+00:00,1.06078
2022-12-19 23:00:00+00:00,1.06124
2022-12-20 00:00:00+00:00,1.06003
2022-12-20 01:00:00+00:00,1.06052
2022-12-20 02:00:00+00:00,1.06147
2022-12-20 03:00:00+00:00,1.06084
2022-12-20 04:00:00+00:00,1.06076
2022-12-20 05:00:00+00:00,1.05866
2022-12-20 06:00:00+00:00,1.05936
2022-12-20 07:00:00+00:00,1.06113
2022-12-20 08:00:00+00:00,1.06338
2022-12-20 09:00:00+00:00,1.06372
2022-12-20 10:00:00+00:00,1.06288
2022-12-20 11:00:00+00:00,1.0643
2022-12-20 12:00:00+00:00,1.06136
2022-12-20 13:00:00+00:00,1.06157
2022-12-20 14:00:00+00:00,1.06358
2022-12-20 15:00:00+00:00,1.06402
2022-12-20 16:00:00+00:00,1.06352
2022-12-20 17:00:00+00:00,1.06151
2022-12-20 18:00:00+00:00,1.06064
2022-12-20 19:00:00+00:00,1.06216
2022-12-20 20:00:00+00:00,1.06154
2022-12-20 21:00:00+00:00,1.06213
2022-12-20 22:00:00+00:00,1.06248
2022-12-20 23:00:00+00:00,1.06254
2022-12-21 00:00:00+00:00,1.06206
2022-12-21 01:00:00+00:00,1.062
2022-12-21 02:00:00+00:00,1.0614
2022-12-21 03:00:00+00:00,1.06166
2022-12-21 04:00:00+00:00,1.06082
2022-12-21 05:00:00+00:00,1.06176
2022-12-21 06:00:00+00:00,1.0614
2022-12-21 07:00:00+00:00,1.06318
2022-12-21 08:00:00+00:00,1.06342
2022-12-21 09:00:00+00:00,1.06146
2022-12-21 10:00:00+00:00,1.06192
2022-12-21 11:00:00+00:00,1.06058
2022-12-21 12:00:00+00:00,1.06304
2022-12-21 13:00:00+00:00,1.06288
2022-12-21 14:00:00+00:00,1.06042
2022-12-21 15:00:00+00:00,1.06154
2022-12-21 16:00:00+00:00,1.05978
2022-12-21 17:00:00+00:00,1.06006
2022-12-21 18:00:00+00:00,1.06095
2022-12-21 19:00:00+00:00,1.06143
2022-12-21 20:00:00+00:00,1.0611
2022-12-21 21:00:00+00:00,1.06052
2022-12-21 22:00:00+00:00,1.06062
2022-12-21 23:00:00+00:00,1.0608
2022-12-22 00:00:00+00:00,1.06181
2022-12-22 01:00:00+00:00,1.06296
2022-12-22 02:00:00+00:00,1.06288
2022-12-22 03:00:00+00:00,1.06434
2022-12-22 04:00:00+00:00,1.06446
2022-12-22 05:00:00+00:00,1.06402
2022-12-22 06:00:00+00:00,1.06446
2022-12-22 07:00:00+00:00,1.06392
2022-12-22 08:00:00+00:00,1.06362
2022-12-22 09:00:00+00:00,1.06464
2022-12-22 10:00:00+00:00,1.06282
2022-12-22 11:00:00+00:00,1.06156
2022-12-22 12:00:00+00:00,1.06368
2022-12-22 13:00:00+00:00,1.06113
2022-12-22 14:00:00+00:00,1.06083
2022-12-22 15:00:00+00:00,1.06021
2022-12-22 16:00:00+00:00,1.05873
2022-12-22 17:00:00+00:00,1.05844
2022-12-22 18:00:00+00:00,1.05794
2022-12-22 19:00:00+00:00,1.0593
2022-12-22 20:00:00+00:00,1.05979
2022-12-22 21:00:00+00:00,1.05972
2022-12-22 22:00:00+00:00,1.05984
2022-12-22 23:00:00+00:00,1.06016
2022-12-23 00:00:00+00:00,1.05894
2022-12-23 01:00:00+00:00,1.0602
2022-12-23 02:00:00+00:00,1.06082
2022-12-23 03:00:00+00:00,1.06076
2022-12-23 04:00:00+00:00,1.06058
2022-12-23 05:00:00+00:00,1.06036
2022-12-23 06:00:00+00:00,1.06074
2022-12-23 07:00:00+00:00,1.06286
2022-12-23 08:00:00+00:00,1.06051
2022-12-23 09:00:00+00:00,1.06098
2022-12-23 10:00:00+00:00,1.06196
2022-12-23 11:00:00+00:00,1.06138
2022-12-23 12:00:00+00:00,1.06213
2022-12-23 13:00:00+00:00,1.06082
2022-12-23 14:00:00+00:00,1.06098
2022-12-23 15:00:00+00:00,1.06138
2022-12-23 16:00:00+00:00,1.06206
2022-12-23 17:00:00+00:00,1.06204
2022-12-23 18:00:00+00:00,1.06094
2022-12-23 19:00:00+00:00,1.06208
2022-12-23 20:00:00+00:00,1.06162
2022-12-23 21:00:00+00:00,1.06162
2022-12-26 22:00:00+00:00,1.0637
2022-12-26 23:00:00+00:00,1.064
2022-12-27 00:00:00+00:00,1.06427
2022-12-27 01:00:00+00:00,1.0652
2022-12-27 02:00:00+00:00,1.06475
2022-12-27 03:00:00+00:00,1.06402
2022-12-27 04:00:00+00:00,1.06457
2022-12-27 05:00:00+00:00,1.06556
2022-12-27 06:00:00+00:00,1.0664
2022-12-27 07:00:00+00:00,1.06456
2022-12-27 08:00:00+00:00,1.06518
2022-12-27 09:00:00+00:00,1.06606
2022-12-27 10:00:00+00:00,1.06658
2022-12-27 11:00:00+00:00,1.06546
2022-12-27 12:00:00+00:00,1.06353
2022-12-27 13:00:00+00:00,1.06276
2022-12-27 14:00:00+00:00,1.06262
2022-12-27 15:00:00+00:00,1.06498
2022-12-27 16:00:00+00:00,1.06529
2022-12-27 17:00:00+00:00,1.06376
2022-12-27 18:00:00+00:00,1.06488
2022-12-27 19:00:00+00:00,1.06416
2022-12-27 20:00:00+00:00,1.06412
2022-12-27 21:00:00+00:00,1.0638
2022-12-27 22:00:00+00:00,1.06422
2022-12-27 23:00:00+00:00,1.06372
2022-12-28 00:00:00+00:00,1.06284
2022-12-28 01:00:00+00:00,1.06422
2022-12-28 02:00:00+00:00,1.06367
2022-12-28 03:00:00+00:00,1.06378
2022-12-28 04:00:00+00:00,1.06418
2022-12-28 05:00:00+00:00,1.0646
2022-12-28 06:00:00+00:00,1.06463
2022-12-28 07:00:00+00:00,1.06457
2022-12-28 08:00:00+00:00,1.0636
2022-12-28 09:00:00+00:00,1.06372
2022-12-28 10:00:00+00:00,1.0634
2022-12-28 11:00:00+00:00,1.06466
2022-12-28 12:00:00+00:00,1.06462
2022-12-28 13:00:00+00:00,1.06417
2022-12-28 14:00:00+00:00,1.06574
2022-12-28 15:00:00+00:00,1.06186
2022-12-28 16:00:00+00:00,1.06214
2022-12-28 17:00:00+00:00,1.06292
2022-12-28 18:00:00+00:00,1.062
2022-12-28 19:00:00+00:00,1.06172
2022-12-28 20:00:00+00:00,1.06082
2022-12-28 21:00:00+00:00,1.06122
2022-12-28 22:00:00+00:00,1.06162
2022-12-28 23:00:00+00:00,1.0629
2022-12-29 00:00:00+00:00,1.06341
2022-12-29 01:00:00+00:00,1.06282
2022-12-29 02:00:00+00:00,1.06256
2022-12-29 03:00:00+00:00,1.06233
2022-12-29 04:00:00+00:00,1.06254
2022-12-29 05:00:00+00:00,1.06249
2022-12-29 06:00:00+00:00,1.06142
2022-12-29 07:00:00+00:00,1.06234
2022-12-29 08:00:00+00:00,1.06303
2022-12-29 09:00:00+00:00,1.06563
2022-12-29 10:00:00+00:00,1.06362
2022-12-29 11:00:00+00:00,1.06382
2022-12-29 12:00:00+00:00,1.06525
2022-12-29 13:00:00+00:00,1.0655
2022-12-29 14:00:00+00:00,1.06447
2022-12-29 15:00:00+00:00,1.06669
2022-12-29 16:00:00+00:00,1.06662
2022-12-29 17:00:00+00:00,1.0682
2022-12-29 18:00:00+00:00,1.06749
2022-12-29 19:00:00+00:00,1.0678
2022-12-29 20:00:00+00:00,1.0668
2022-12-29 21:00:00+00:00,1.0661
2022-12-29 22:00:00+00:00,1.0661
2022-12-29 23:00:00+00:00,1.06604
2022-12-30 00:00:00+00:00,1.06683
2022-12-30 01:00:00+00:00,1.06606
2022-12-30 02:00:00+00:00,1.06588
2022-12-30 03:00:00+00:00,1.06592
2022-12-30 04:00:00+00:00,1.06553
2022-12-30 05:00:00+00:00,1.06434
2022-12-30 06:00:00+00:00,1.06446
2022-12-30 07:00:00+00:00,1.06512
2022-12-30 08:00:00+00:00,1.06712
2022-12-30 09:00:00+00:00,1.06548
2022-12-30 10:00:00+00:00,1.06698
2022-12-30 11:00:00+00:00,1.06762
2022-12-30 12:00:00+00:00,1.06723
2022-12-30 13:00:00+00:00,1.06688
2022-12-30 14:00:00+00:00,1.06884
2022-12-30 15:00:00+00:00,1.06722
2022-12-30 16:00:00+00:00,1.06968
2022-12-30 17:00:00+00:00,1.07109
2022-12-30 18:00:00+00:00,1.07024
2022-12-30 19:00:00+00:00,1.06998
2022-12-30 20:00:00+00:00,1.07055
2022-12-30 21:00:00+00:00,1.07039
2023-01-01 23:00:00+00:00,1.07057
2023-01-02 00:00:00+00:00,1.07072
2023-01-02 01:00:00+00:00,1.06985
2023-01-02 02:00:00+00:00,1.06951
2023-01-02 03:00:00+00:00,1.06958
2023-01-02 04:00:00+00:00,1.07024
2023-01-02 05:00:00+00:00,1.06968
2023-01-02 06:00:00+00:00,1.06922
2023-01-02 07:00:00+00:00,1.06786
2023-01-02 08:00:00+00:00,1.06798
2023-01-02 09:00:00+00:00,1.06791
2023-01-02 10:00:00+00:00,1.06841
2023-01-02 11:00:00+00:00,1.06848
2023-01-02 12:00:00+00:00,1.06824
2023-01-02 13:00:00+00:00,1.0679
2023-01-02 14:00:00+00:00,1.06726
2023-01-02 15:00:00+00:00,1.06606
2023-01-02 16:00:00+00:00,1.06554
2023-01-02 17:00:00+00:00,1.0661
2023-01-02 18:00:00+00:00,1.06528
2023-01-02 19:00:00+00:00,1.06579
2023-01-02 20:00:00+00:00,1.06658
2023-01-02 21:00:00+00:00,1.06638
2023-01-02 22:00:00+00:00,1.06674
2023-01-02 23:00:00+00:00,1.06768
2023-01-03 00:00:00+00:00,1.06706
2023-01-03 01:00:00+00:00,1.066
2023-01-03 02:00:00+00:00,1.06767
2023-01-03 03:00:00+00:00,1.06726
2023-01-03 04:00:00+00:00,1.06674
2023-01-03 05:00:00+00:00,1.06636
2023-01-03 06:00:00+00:00,1.06524
2023-01-03 07:00:00+00:00,1.06238
2023-01-03 08:00:00+00:00,1.05518
2023-01-03 09:00:00+00:00,1.05476
2023-01-03 10:00:00+00:00,1.05311
2023-01-03 11:00:00+00:00,1.05284
2023-01-03 12:00:00+00:00,1.05358
2023-01-03 13:00:00+00:00,1.05603
2023-01-03 14:00:00+00:00,1.05742
2023-01-03 15:00:00+00:00,1.05554
2023-01-03 16:00:00+00:00,1.05581
2023-01-03 17:00:00+00:00,1.05463
2023-01-03 18:00:00+00:00,1.05567
2023-01-03 19:00:00+00:00,1.05664
2023-01-03 20:00:00+00:00,1.05516
2023-01-03 21:00:00+00:00,1.0549
2023-01-03 22:00:00+00:00,1.05486
2023-01-03 23:00:00+00:00,1.05456
2023-01-04 00:00:00+00:00,1.05582
2023-01-04 01:00:00+00:00,1.05669
2023-01-04 02:00:00+00:00,1.0565
2023-01-04 03:00:00+00:00,1.05691
2023-01-04 04:00:00+00:00,1.0573
2023-01-04 05:00:00+00:00,1.05694
2023-01-04 06:00:00+00:00,1.057
2023-01-04 07:00:00+00:00,1.05938
2023-01-04 08:00:00+00:00,1.06157
2023-01-04 09:00:00+00:00,1.06108
2023-01-04 10:00:00+00:00,1.06208
2023-01-04 11:00:00+00:00,1.06046
2023-01-04 12:00:00+00:00,1.06072
2023-01-04 13:00:00+00:00,1.06106
2023-01-04 14:00:00+00:00,1.06246
2023-01-04 15:00:00+00:00,1.06032
2023-01-04 16:00:00+00:00,1.06189
2023-01-04 17:00:00+00:00,1.06074
2023-01-04 18:00:00+00:00,1.05999
2023-01-04 19:00:00+00:00,1.06058
2023-01-04 20:00:00+00:00,1.06034
2023-01-04 21:00:00+00:00,1.06044
2023-01-04 22:00:00+00:00,1.06072
2023-01-04 23:00:00+00:00,1.06061
2023-01-05 00:00:00+00:00,1.06294
2023-01-05 01:00:00+00:00,1.06202
2023-01-05 02:00:00+00:00,1.06178
2023-01-05 03:00:00+00:00,1.06072
2023-01-05 04:00:00+00:00,1.06044
2023-01-05 05:00:00+00:00,1.06108
2023-01-05 06:00:00+00:00,1.06032
2023-01-05 07:00:00+00:00,1.06056
2023-01-05 08:00:00+00:00,1.062
2023-01-05 09:00:00+00:00,1.06234
2023-01-05 10:00:00+00:00,1.06188
2023-01-05 11:00:00+00:00,1.06112
2023-01-05 12:00:00+00:00,1.05996
2023-01-05 13:00:00+00:00,1.05524
2023-01-05 14:00:00+00:00,1.05394
2023-01-05 15:00:00+00:00,1.05184
2023-01-05 16:00:00+00:00,1.05212
2023-01-05 17:00:00+00:00,1.053
2023-01-05 18:00:00+00:00,1.0536
2023-01-05 19:00:00+00:00,1.05302
2023-01-05 20:00:00+00:00,1.052
2023-01-05 21:00:00+00:00,1.05215
2023-01-05 22:00:00+00:00,1.05222
2023-01-05 23:00:00+00:00,1.05208
2023-01-06 00:00:00+00:00,1.05296
2023-01-06 01:00:00+00:00,1.05252
2023-01-06 02:00:00+00:00,1.05268
2023-01-06 03:00:00+00:00,1.05324
2023-01-06 04:00:00+00:00,1.05246
2023-01-06 05:00:00+00:00,1.05146
2023-01-06 06:00:00+00:00,1.05127
2023-01-06 07:00:00+00:00,1.05126
2023-01-06 08:00:00+00:00,1.05186
2023-01-06 09:00:00+00:00,1.05073
2023-01-06 10:00:00+00:00,1.05076
2023-01-06 11:00:00+00:00,1.04942
2023-01-06 12:00:00+00:00,1.04948
2023-01-06 13:00:00+00:00,1.05428
2023-01-06 14:00:00+00:00,1.05094
2023-01-06 15:00:00+00:00,1.06016
2023-01-06 16:00:00+00:00,1.06188
2023-01-06 17:00:00+00:00,1.06376
2023-01-06 18:00:00+00:00,1.06378
2023-01-06 19:00:00+00:00,1.06456
2023-01-06 20:00:00+00:00,1.06463
2023-01-06 21:00:00+00:00,1.06444
2023-01-08 22:00:00+00:00,1.06414
2023-01-08 23:00:00+00:00,1.06628
2023-01-09 00:00:00+00:00,1.06614
2023-01-09 01:00:00+00:00,1.06668
2023-01-09 02:00:00+00:00,1.06772
2023-01-09 03:00:00+00:00,1.06676
2023-01-09 04:00:00+00:00,1.06766
2023-01-09 05:00:00+00:00,1.06772
2023-01-09 06:00:00+00:00,1.0682
2023-01-09 07:00:00+00:00,1.06733
2023-01-09 08:00:00+00:00,1.06903
2023-01-09 09:00:00+00:00,1.06722
2023-01-09 10:00:00+00:00,1.06691
2023-01-09 11:00:00+00:00,1.06842
2023-01-09 12:00:00+00:00,1.06889
2023-01-09 13:00:00+00:00,1.07251
2023-01-09 14:00:00+00:00,1.07282
2023-01-09 15:00:00+00:00,1.07402
2023-01-09 16:00:00+00:00,1.07582
2023-01-09 17:00:00+00:00,1.07502
2023-01-09 18:00:00+00:00,1.07432
2023-01-09 19:00:00+00:00,1.07518
2023-01-09 20:00:00+00:00,1.07312
2023-01-09 21:00:00+00:00,1.07338
2023-01-09 22:00:00+00:00,1.0733
2023-01-09 23:00:00+00:00,1.07327
2023-01-10 00:00:00+00:00,1.07277
2023-01-10 01:00:00+00:00,1.07364
2023-01-10 02:00:00+00:00,1.07312
2023-01-10 03:00:00+00:00,1.07324
2023-01-10 04:00:00+00:00,1.07306
2023-01-10 05:00:00+00:00,1.07428
2023-01-10 06:00:00+00:00,1.07341
2023-01-10 07:00:00+00:00,1.07318
2023-01-10 08:00:00+00:00,1.07386
2023-01-10 09:00:00+00:00,1.07461
2023-01-10 10:00:00+00:00,1.07364
2023-01-10 11:00:00+00:00,1.07352
2023-01-10 12:00:00+00:00,1.07194
2023-01-10 13:00:00+00:00,1.07216
2023-01-10 14:00:00+00:00,1.07404
2023-01-10 15:00:00+00:00,1.07278
2023-01-10 16:00:00+00:00,1.07364
2023-01-10 17:00:00+00:00,1.07335
2023-01-10 18:00:00+00:00,1.07381
2023-01-10 19:00:00+00:00,1.07408
2023-01-10 20:00:00+00:00,1.07361
2023-01-10 21:00:00+00:00,1.07342
2023-01-10 22:00:00+00:00,1.07364
2023-01-10 23:00:00+00:00,1.07384
2023-01-11 00:00:00+00:00,1.07452
2023-01-11 01:00:00+00:00,1.0731
2023-01-11 02:00:00+00:00,1.0727
2023-01-11 03:00:00+00:00,1.07337
2023-01-11 04:00:00+00:00,1.07388
2023-01-11 05:00:00+00:00,1.07476
2023-01-11 06:00:00+00:00,1.07458
2023-01-11 07:00:00+00:00,1.07468
2023-01-11 08:00:00+00:00,1.07298
2023-01-11 09:00:00+00:00,1.07416
2023-01-11 10:00:00+00:00,1.07492
2023-01-11 11:00:00+00:00,1.07484
2023-01-11 12:00:00+00:00,1.07406
2023-01-11 13:00:00+00:00,1.07498
2023-01-11 14:00:00+00:00,1.07698
2023-01-11 15:00:00+00:00,1.07552
2023-01-11 16:00:00+00:00,1.07392
2023-01-11 17:00:00+00:00,1.07468
2023-01-11 18:00:00+00:00,1.07532
2023-01-11 19:00:00+00:00,1.07634
2023-01-11 20:00:00+00:00,1.0754
2023-01-11 21:00:00+00:00,1.07579
2023-01-11 22:00:00+00:00,1.0758
2023-01-11 23:00:00+00:00,1.07656
2023-01-12 00:00:00+00:00,1.07614
2023-01-12 01:00:00+00:00,1.07667
2023-01-12 02:00:00+00:00,1.07671
2023-01-12 03:00:00+00:00,1.07687
2023-01-12 04:00:00+00:00,1.07716
2023-01-12 05:00:00+00:00,1.07628
2023-01-12 06:00:00+00:00,1.07574
2023-01-12 07:00:00+00:00,1.07626
2023-01-12 08:00:00+00:00,1.0748
2023-01-12 09:00:00+00:00,1.07654
2023-01-12 10:00:00+00:00,1.07626
2023-01-12 11:00:00+00:00,1.07618
2023-01-12 12:00:00+00:00,1.07626
2023-01-12 13:00:00+00:00,1.08292
2023-01-12 14:00:00+00:00,1.07676
2023-01-12 15:00:00+00:00,1.08069
2023-01-12 16:00:00+00:00,1.08224
2023-01-12 17:00:00+00:00,1.08488
2023-01-12 18:00:00+00:00,1.08557
2023-01-12 19:00:00+00:00,1.08494
2023-01-12 20:00:00+00:00,1.08523
2023-01-12 21:00:00+00:00,1.08514
2023-01-12 22:00:00+00:00,1.0849
2023-01-12 23:00:00+00:00,1.08599
2023-01-13 00:00:00+00:00,1.08523
2023-01-13 01:00:00+00:00,1.0856
2023-01-13 02:00:00+00:00,1.08449
2023-01-13 03:00:00+00:00,1.08458
2023-01-13 04:00:00+00:00,1.08402
2023-01-13 05:00:00+00:00,1.08372
2023-01-13 06:00:00+00:00,1.08451
2023-01-13 07:00:00+00:00,1.08488
2023-01-13 08:00:00+00:00,1.08552
2023-01-13 09:00:00+00:00,1.08425
2023-01-13 10:00:00+00:00,1.08451
2023-01-13 11:00:00+00:00,1.08122
2023-01-13 12:00:00+00:00,1.0812
2023-01-13 13:00:00+00:00,1.07938
2023-01-13 14:00:00+00:00,1.08187
2023-01-13 15:00:00+00:00,1.08296
2023-01-13 16:00:00+00:00,1.08102
2023-01-13 17:00:00+00:00,1.0828
2023-01-13 18:00:00+00:00,1.08312
2023-01-13 19:00:00+00:00,1.08292
2023-01-13 20:00:00+00:00,1.08326
2023-01-13 21:00:00+00:00,1.08324
2023-01-15 22:00:00+00:00,1.08334
2023-01-15 23:00:00+00:00,1.08228
2023-01-16 00:00:00+00:00,1.08418
2023-01-16 01:00:00+00:00,1.0868
2023-01-16 02:00:00+00:00,1.08668
2023-01-16 03:00:00+00:00,1.08602
2023-01-16 04:00:00+00:00,1.0853
2023-01-16 05:00:00+00:00,1.08608
2023-01-16 06:00:00+00:00,1.08396
2023-01-16 07:00:00+00:00,1.08313
2023-01-16 08:00:00+00:00,1.08036
2023-01-16 09:00:00+00:00,1.08212
2023-01-16 10:00:00+00:00,1.08302
2023-01-16 11:00:00+00:00,1.08271
2023-01-16 12:00:00+00:00,1.08152
2023-01-16 13:00:00+00:00,1.08158
2023-01-16 14:00:00+00:00,1.0822
2023-01-16 15:00:00+00:00,1.08254
2023-01-16 16:00:00+00:00,1.08246
2023-01-16 17:00:00+00:00,1.08138
2023-01-16 18:00:00+00:00,1.0813
2023-01-16 19:00:00+00:00,1.08194
2023-01-16 20:00:00+00:00,1.08206
2023-01-16 21:00:00+00:00,1.08237
2023-01-16 22:00:00+00:00,1.0823
2023-01-16 23:00:00+00:00,1.08298
2023-01-17 00:00:00+00:00,1.08288
2023-01-17 01:00:00+00:00,1.08174
2023-01-17 02:00:00+00:00,1.08142
2023-01-17 03:00:00+00:00,1.08252
2023-01-17 04:00:00+00:00,1.08262
2023-01-17 05:00:00+00:00,1.0831
2023-01-17 06:00:00+00:00,1.08151
2023-01-17 07:00:00+00:00,1.08281
2023-01-17 08:00:00+00:00,1.08275
2023-01-17 09:00:00+00:00,1.08175
2023-01-17 10:00:00+00:00,1.08216
2023-01-17 11:00:00+00:00,1.08323
2023-01-17 12:00:00+00:00,1.08528
2023-01-17 13:00:00+00:00,1.08426
2023-01-17 14:00:00+00:00,1.08632
2023-01-17 15:00:00+00:00,1.08019
2023-01-17 16:00:00+00:00,1.07928
2023-01-17 17:00:00+00:00,1.07822
2023-01-17 18:00:00+00:00,1.07952
2023-01-17 19:00:00+00:00,1.07935
2023-01-17 20:00:00+00:00,1.07938
2023-01-17 21:00:00+00:00,1.0788
2023-01-17 22:00:00+00:00,1.07918
2023-01-17 23:00:00+00:00,1.07894
2023-01-18 00:00:00+00:00,1.07844
2023-01-18 01:00:00+00:00,1.07964
2023-01-18 02:00:00+00:00,1.07874
2023-01-18 03:00:00+00:00,1.07732
2023-01-18 04:00:00+00:00,1.07748
2023-01-18 05:00:00+00:00,1.07798
2023-01-18 06:00:00+00:00,1.07898
2023-01-18 07:00:00+00:00,1.08255
2023-01-18 08:00:00+00:00,1.08432
2023-01-18 09:00:00+00:00,1.087
2023-01-18 10:00:00+00:00,1.08526
2023-01-18 11:00:00+00:00,1.08152
2023-01-18 12:00:00+00:00,1.0824
2023-01-18 13:00:00+00:00,1.08584
2023-01-18 14:00:00+00:00,1.0864
2023-01-18 15:00:00+00:00,1.08334
2023-01-18 16:00:00+00:00,1.08268
2023-01-18 17:00:00+00:00,1.0796
2023-01-18 18:00:00+00:00,1.07967
2023-01-18 19:00:00+00:00,1.07952
2023-01-18 20:00:00+00:00,1.07894
2023-01-18 21:00:00+00:00,1.07946
2023-01-18 22:00:00+00:00,1.07926
2023-01-18 23:00:00+00:00,1.07977
2023-01-19 00:00:00+00:00,1.07873
2023-01-19 01:00:00+00:00,1.07878
2023-01-19 02:00:00+00:00,1.07937
2023-01-19 03:00:00+00:00,1.08007
2023-01-19 04:00:00+00:00,1.0796
2023-01-19 05:00:00+00:00,1.07917
2023-01-19 06:00:00+00:00,1.07911
2023-01-19 07:00:00+00:00,1.08078
2023-01-19 08:00:00+00:00,1.0817
2023-01-19 09:00:00+00:00,1.08248
2023-01-19 10:00:00+00:00,1.08292
2023-01-19 11:00:00+00:00,1.08219
2023-01-19 12:00:00+00:00,1.08092
2023-01-19 13:00:00+00:00,1.08098
2023-01-19 14:00:00+00:00,1.08104
2023-01-19 15:00:00+00:00,1.07892
2023-01-19 16:00:00+00:00,1.08092
2023-01-19 17:00:00+00:00,1.08164
2023-01-19 18:00:00+00:00,1.0829
2023-01-19 19:00:00+00:00,1.08308
2023-01-19 20:00:00+00:00,1.08292
2023-01-19 21:00:00+00:00,1.08312
2023-01-19 22:00:00+00:00,1.08313
2023-01-19 23:00:00+00:00,1.08337
2023-01-20 00:00:00+00:00,1.08316
2023-01-20 01:00:00+00:00,1.08364
2023-01-20 02:00:00+00:00,1.08364
2023-01-20 03:00:00+00:00,1.08343
2023-01-20 04:00:00+00:00,1.08296
2023-01-20 05:00:00+00:00,1.08352
2023-01-20 06:00:00+00:00,1.08247
2023-01-20 07:00:00+00:00,1.08402
2023-01-20 08:00:00+00:00,1.08408
2023-01-20 09:00:00+00:00,1.0831
2023-01-20 10:00:00+00:00,1.08388
2023-01-20 11:00:00+00:00,1.0825
2023-01-20 12:00:00+00:00,1.08185
2023-01-20 13:00:00+00:00,1.08066
2023-01-20 14:00:00+00:00,1.0822
2023-01-20 15:00:00+00:00,1.08311
2023-01-20 16:00:00+00:00,1.08306
2023-01-20 17:00:00+00:00,1.08439
2023-01-20 18:00:00+00:00,1.08477
2023-01-20 19:00:00+00:00,1.0854
2023-01-20 20:00:00+00:00,1.08566
2023-01-20 21:00:00+00:00,1.08555
2023-01-22 22:00:00+00:00,1.08683
2023-01-22 23:00:00+00:00,1.08644
2023-01-23 00:00:00+00:00,1.08851
2023-01-23 01:00:00+00:00,1.08948
2023-01-23 02:00:00+00:00,1.08924
2023-01-23 03:00:00+00:00,1.08986
2023-01-23 04:00:00+00:00,1.0895
2023-01-23 05:00:00+00:00,1.08923
2023-01-23 06:00:00+00:00,1.09008
2023-01-23 07:00:00+00:00,1.09142
2023-01-23 08:00:00+00:00,1.08999
2023-01-23 09:00:00+00:00,1.09118
2023-01-23 10:00:00+00:00,1.08994
2023-01-23 11:00:00+00:00,1.08813
2023-01-23 12:00:00+00:00,1.0871
2023-01-23 13:00:00+00:00,1.0859
2023-01-23 14:00:00+00:00,1.08617
2023-01-23 15:00:00+00:00,1.08648
2023-01-23 16:00:00+00:00,1.08642
2023-01-23 17:00:00+00:00,1.08626
2023-01-23 18:00:00+00:00,1.08664
2023-01-23 19:00:00+00:00,1.08592
2023-01-23 20:00:00+00:00,1.08682
2023-01-23 21:00:00+00:00,1.08718
2023-01-23 22:00:00+00:00,1.08708
2023-01-23 23:00:00+00:00,1.08714
2023-01-24 00:00:00+00:00,1.08737
2023-01-24 01:00:00+00:00,1.0881
2023-01-24 02:00:00+00:00,1.0879
2023-01-24 03:00:00+00:00,1.08746
2023-01-24 04:00:00+00:00,1.08766
2023-01-24 05:00:00+00:00,1.08782
2023-01-24 06:00:00+00:00,1.0888
2023-01-24 07:00:00+00:00,1.08889
2023-01-24 08:00:00+00:00,1.08753
2023-01-24 09:00:00+00:00,1.0861
2023-01-24 10:00:00+00:00,1.0864
2023-01-24 11:00:00+00:00,1.08668
2023-01-24 12:00:00+00:00,1.08598
2023-01-24 13:00:00+00:00,1.0866
2023-01-24 14:00:00+00:00,1.08422
2023-01-24 15:00:00+00:00,1.08753
2023-01-24 16:00:00+00:00,1.08718
2023-01-24 17:00:00+00:00,1.08835
2023-01-24 18:00:00+00:00,1.08792
2023-01-24 19:00:00+00:00,1.08839
2023-01-24 20:00:00+00:00,1.08815
2023-01-24 21:00:00+00:00,1.08882
2023-01-24 22:00:00+00:00,1.08865
2023-01-24 23:00:00+00:00,1.08899
2023-01-25 00:00:00+00:00,1.08872
2023-01-25 01:00:00+00:00,1.08932
2023-01-25 02:00:00+00:00,1.08967
2023-01-25 03:00:00+00:00,1.08972
2023-01-25 04:00:00+00:00,1.08989
2023-01-25 05:00:00+00:00,1.08976
2023-01-25 06:00:00+00:00,1.09064
2023-01-25 07:00:00+00:00,1.08811
2023-01-25 08:00:00+00:00,1.08774
2023-01-25 09:00:00+00:00,1.08814
2023-01-25 10:00:00+00:00,1.08659
2023-01-25 11:00:00+00:00,1.08646
2023-01-25 12:00:00+00:00,1.08748
2023-01-25 13:00:00+00:00,1.08722
2023-01-25 14:00:00+00:00,1.08939
2023-01-25 15:00:00+00:00,1.09024
2023-01-25 16:00:00+00:00,1.09002
2023-01-25 17:00:00+00:00,1.08992
2023-01-25 18:00:00+00:00,1.09092
2023-01-25 19:00:00+00:00,1.09146
2023-01-25 20:00:00+00:00,1.09146
2023-01-25 21:00:00+00:00,1.09152
2023-01-25 22:00:00+00:00,1.09148
2023-01-25 23:00:00+00:00,1.09207
2023-01-26 00:00:00+00:00,1.09158
2023-01-26 01:00:00+00:00,1.09192
2023-01-26 02:00:00+00:00,1.09154
2023-01-26 03:00:00+00:00,1.09132
2023-01-26 04:00:00+00:00,1.09144
2023-01-26 05:00:00+00:00,1.09188
2023-01-26 06:00:00+00:00,1.09204
2023-01-26 07:00:00+00:00,1.092
2023-01-26 08:00:00+00:00,1.09091
2023-01-26 09:00:00+00:00,1.08958
2023-01-26 10:00:00+00:00,1.0907
2023-01-26 11:00:00+00:00,1.09031
2023-01-26 12:00:00+00:00,1.0893
2023-01-26 13:00:00+00:00,1.09026
2023-01-26 14:00:00+00:00,1.08874
2023-01-26 15:00:00+00:00,1.08552
2023-01-26 16:00:00+00:00,1.08647
2023-01-26 17:00:00+00:00,1.08648
2023-01-26 18:00:00+00:00,1.08861
2023-01-26 19:00:00+00:00,1.08892
2023-01-26 20:00:00+00:00,1.08922
2023-01-26 21:00:00+00:00,1.08912
2023-01-26 22:00:00+00:00,1.08908
2023-01-26 23:00:00+00:00,1.08932
2023-01-27 00:00:00+00:00,1.08967
2023-01-27 01:00:00+00:00,1.08896
2023-01-27 02:00:00+00:00,1.08794
2023-01-27 03:00:00+00:00,1.08737
2023-01-27 04:00:00+00:00,1.08664
2023-01-27 05:00:00+00:00,1.08738
2023-01-27 06:00:00+00:00,1.087
2023-01-27 07:00:00+00:00,1.08739
2023-01-27 08:00:00+00:00,1.08904
2023-01-27 09:00:00+00:00,1.08838
2023-01-27 10:00:00+00:00,1.08895
2023-01-27 11:00:00+00:00,1.0879
2023-01-27 12:00:00+00:00,1.0867
2023-01-27 13:00:00+00:00,1.08622
2023-01-27 14:00:00+00:00,1.08651
2023-01-27 15:00:00+00:00,1.08386
2023-01-27 16:00:00+00:00,1.08566
2023-01-27 17:00:00+00:00,1.08666
2023-01-27 18:00:00+00:00,1.08658
2023-01-27 19:00:00+00:00,1.08686
2023-01-27 20:00:00+00:00,1.08654
2023-01-27 21:00:00+00:00,1.08679
2023-01-29 22:00:00+00:00,1.0867
2023-01-29 23:00:00+00:00,1.0872
2023-01-30 00:00:00+00:00,1.08748
2023-01-30 01:00:00+00:00,1.08736
2023-01-30 02:00:00+00:00,1.08691
2023-01-30 03:00:00+00:00,1.08686
2023-01-30 04:00:00+00:00,1.08765
2023-01-30 05:00:00+00:00,1.08692
2023-01-30 06:00:00+00:00,1.0862
2023-01-30 07:00:00+00:00,1.08596
2023-01-30 08:00:00+00:00,1.08813
2023-01-30 09:00:00+00:00,1.0902
2023-01-30 10:00:00+00:00,1.09108
2023-01-30 11:00:00+00:00,1.08962
2023-01-30 12:00:00+00:00,1.0904
2023-01-30 13:00:00+00:00,1.08862
2023-01-30 14:00:00+00:00,1.08913
2023-01-30 15:00:00+00:00,1.08708
2023-01-30 16:00:00+00:00,1.08658
2023-01-30 17:00:00+00:00,1.08578
2023-01-30 18:00:00+00:00,1.08546
2023-01-30 19:00:00+00:00,1.08462
2023-01-30 20:00:00+00:00,1.08458
2023-01-30 21:00:00+00:00,1.08517
2023-01-30 22:00:00+00:00,1.08512
2023-01-30 23:00:00+00:00,1.08501
2023-01-31 00:00:00+00:00,1.08539
2023-01-31 01:00:00+00:00,1.08578
2023-01-31 02:00:00+00:00,1.08518
2023-01-31 03:00:00+00:00,1.08446
2023-01-31 04:00:00+00:00,1.08462
2023-01-31 05:00:00+00:00,1.08348
2023-01-31 06:00:00+00:00,1.08394
2023-01-31 07:00:00+00:00,1.0844
2023-01-31 08:00:00+00:00,1.08034
2023-01-31 09:00:00+00:00,1.08299
2023-01-31 10:00:00+00:00,1.08228
2023-01-31 11:00:00+00:00,1.08359
2023-01-31 12:00:00+00:00,1.08262
2023-01-31 13:00:00+00:00,1.0851
2023-01-31 14:00:00+00:00,1.0848
2023-01-31 15:00:00+00:00,1.08602
2023-01-31 16:00:00+00:00,1.0857
2023-01-31 17:00:00+00:00,1.08654
2023-01-31 18:00:00+00:00,1.08724
2023-01-31 19:00:00+00:00,1.08642
2023-01-31 20:00:00+00:00,1.0872
2023-01-31 21:00:00+00:00,1.08632
2023-01-31 22:00:00+00:00,1.08618
2023-01-31 23:00:00+00:00,1.08608
